,Unnamed: 0,Symbol,Name,Date,Current Assets,Cash and Cash Equivalents,Short-Term Investments,Net Receivables,Inventory,Other Current Assets,Total Current Assets,Long-Term Assets,Long-Term Investments,Fixed Assets,Goodwill,Intangible Assets,Other Assets,Deferred Asset Charges,Total Assets,Current Liabilities,Accounts Payable,Short-Term Debt / Current Portion of Long-Term Debt,Other Current Liabilities,Total Current Liabilities,Long-Term Debt,Other Liabilities,Deferred Liability Charges,Misc. Stocks,Minority Interest,Total Liabilities,Stock Holders Equity,Common Stocks,Capital Surplus,Retained Earnings,Treasury Stock,Other Equity,Total Equity,Total Liabilities & Equity
0,0,bhp,BHP Group Limited American Depositary Shares (Each representing two Ordinary Shares) (BHP),6/30/2023,,"$12,428,000",--,"$5,102,000","$5,220,000","$601,000","$23,351,000",,"$1,768,000","$73,221,000",--,"$1,610,000","$1,290,000","$56,000","$101,296,000",,"$6,907,000",--,"$12,136,000","$19,043,000","$72,000","$29,302,000","$4,349,000","$4,034,000",--,"$56,800,000",,"$4,737,000","$39,787,000","-$41,000",--,"$13,000","$44,496,000","$101,296,000"
1,1,bhp,BHP Group Limited American Depositary Shares (Each representing two Ordinary Shares) (BHP),6/30/2022,,"$17,236,000",--,"$5,689,000","$4,935,000","$804,000","$28,664,000",,"$1,573,000","$62,610,000",--,"$1,369,000","$894,000","$56,000","$95,166,000",,"$9,719,000",--,"$7,200,000","$16,919,000","$87,000","$26,281,000","$3,113,000","$3,809,000",--,"$50,209,000",,"$4,638,000","$40,338,000","-$31,000",--,"$12,000","$44,957,000","$95,166,000"
2,2,bhp,BHP Group Limited American Depositary Shares (Each representing two Ordinary Shares) (BHP),6/30/2021,,"$15,246,000",--,"$6,338,000","$4,426,000","$683,000","$26,693,000",,"$2,079,000","$75,171,000",--,"$1,437,000","$1,635,000","$1,912,000","$108,927,000",,"$9,827,000",--,"$6,576,000","$16,403,000","$120,000","$33,300,000","$3,499,000","$4,341,000",--,"$57,663,000",,"$2,168,000","$46,779,000","-$33,000",--,"$2,350,000","$51,264,000","$108,927,000"
3,3,bhp,BHP Group Limited American Depositary Shares (Each representing two Ordinary Shares) (BHP),6/30/2020,,"$13,426,000",--,"$3,730,000","$4,101,000","$214,000","$21,471,000",,"$2,852,000","$73,583,000",--,"$1,574,000","$2,565,000","$3,688,000","$105,733,000",,"$6,680,000",--,"$8,144,000","$14,824,000","$110,000","$34,635,000","$3,989,000","$4,310,000",--,"$57,868,000",,"$2,168,000","$43,396,000","-$5,000",--,"$2,306,000","$47,865,000","$105,733,000"
4,4,rio,Rio Tinto Plc Common Stock (RIO),12/31/2022,,"$6,775,000",--,"$3,825,000","$6,213,000","$2,160,000","$18,973,000",,"$5,191,000","$64,937,000","$826,000","$3,645,000","$406,000","$2,766,000","$96,744,000",,"$8,623,000","$923,000","$2,057,000","$11,603,000","$10,788,000","$18,478,000","$3,601,000","$2,099,000",--,"$46,569,000",,"$3,537,000","$34,511,000",--,"$4,322,000","$7,805,000","$50,175,000","$96,744,000"
5,5,rio,Rio Tinto Plc Common Stock (RIO),12/31/2021,,"$12,807,000",--,"$3,646,000","$5,436,000","$2,543,000","$24,432,000",,"$5,727,000","$65,123,000","$879,000","$2,832,000","$528,000","$3,375,000","$102,896,000",,"$11,246,000","$1,381,000",--,"$12,627,000","$14,246,000","$15,930,000","$3,503,000","$5,158,000",--,"$51,464,000",,"$3,777,000","$33,337,000",--,"$4,320,000","$9,998,000","$51,432,000","$102,896,000"
6,6,rio,Rio Tinto Plc Common Stock (RIO),12/31/2020,,"$10,381,000",--,"$3,706,000","$3,917,000","$2,851,000","$20,855,000",,"$5,564,000","$63,056,000","$946,000","$2,755,000","$829,000","$3,385,000","$97,390,000",,"$11,000,000","$607,000",--,"$11,607,000","$14,705,000","$15,936,000","$3,239,000","$4,849,000",--,"$50,336,000",,"$3,988,000","$26,792,000",--,"$4,314,000","$11,960,000","$47,054,000","$97,390,000"
7,7,rio,Rio Tinto Plc Common Stock (RIO),12/31/2019,,"$8,027,000",--,"$3,143,000","$3,463,000","$2,670,000","$17,303,000",,"$5,692,000","$57,511,000","$922,000","$2,637,000","$635,000","$3,102,000","$87,802,000",,"$9,753,000","$1,372,000",--,"$11,125,000","$14,511,000","$13,704,000","$3,220,000","$4,710,000",--,"$47,270,000",,"$3,655,000","$23,387,000",--,"$4,313,000","$9,177,000","$40,532,000","$87,802,000"
8,8,vale,VALE S.A. American Depositary Shares Each Representing one common share (VALE),12/31/2022,,"$4,736,000","$61,000","$5,591,000","$4,482,000","$656,000","$15,526,000",,"$1,798,000","$44,938,000",--,"$10,238,000","$3,624,000","$10,770,000","$86,894,000",,"$8,225,000","$489,000","$5,177,000","$13,891,000","$14,948,000","$19,284,000","$1,413,000","$1,491,000",--,"$51,027,000",,--,--,--,--,--,"$35,867,000","$86,894,000"
9,9,vale,VALE S.A. American Depositary Shares Each Representing one common share (VALE),12/31/2021,,"$11,721,000","$184,000","$4,776,000","$4,377,000","$326,000","$21,384,000",,"$1,751,000","$42,907,000",--,"$9,011,000","$2,948,000","$11,441,000","$89,442,000",,"$7,437,000","$1,204,000","$6,557,000","$15,198,000","$15,997,000","$21,060,000","$1,881,000","$834,000",--,"$54,970,000",,--,--,--,--,--,"$34,472,000","$89,442,000"
10,10,vale,VALE S.A. American Depositary Shares Each Representing one common share (VALE),12/31/2020,,"$13,487,000","$771,000","$5,502,000","$4,061,000","$582,000","$24,403,000",,"$2,031,000","$41,148,000",--,"$9,296,000","$4,794,000","$10,335,000","$92,007,000",,"$6,415,000","$1,136,000","$7,043,000","$14,594,000","$17,304,000","$23,518,000","$1,770,000","-$923,000",--,"$56,263,000",,--,--,--,--,--,"$35,744,000","$92,007,000"
11,11,vale,VALE S.A. American Depositary Shares Each Representing one common share (VALE),12/31/2019,,"$7,350,000","$826,000","$3,451,000","$4,274,000","$1,141,000","$17,042,000",,"$2,798,000","$46,576,000",--,"$8,499,000","$7,581,000","$9,217,000","$91,713,000",,"$6,695,000","$1,439,000","$5,711,000","$13,845,000","$15,992,000","$21,001,000","$1,882,000","-$1,074,000",--,"$51,646,000",,--,--,--,--,--,"$40,067,000","$91,713,000"
12,12,amzn,"Amazon.com, Inc. Common Stock (AMZN)",12/31/2022,,"$53,888,000","$16,138,000","$42,360,000","$34,405,000",--,"$146,791,000",,--,"$252,838,000","$20,288,000",--,"$42,758,000",--,"$462,675,000",,"$142,166,000",--,"$13,227,000","$155,393,000","$67,150,000","$94,089,000",--,--,--,"$316,632,000",,"$108,000","$83,193,000","-$7,837,000","$75,066,000","-$4,487,000","$146,043,000","$462,675,000"
13,13,amzn,"Amazon.com, Inc. Common Stock (AMZN)",12/31/2021,,"$36,220,000","$59,829,000","$32,891,000","$32,640,000",--,"$161,580,000",,--,"$216,363,000","$15,371,000",--,"$27,235,000",--,"$420,549,000",,"$130,439,000",--,"$11,827,000","$142,266,000","$48,744,000","$91,294,000",--,--,--,"$282,304,000",,"$106,000","$85,915,000","-$1,837,000","$55,437,000","-$1,376,000","$138,245,000","$420,549,000"
14,14,amzn,"Amazon.com, Inc. Common Stock (AMZN)",12/31/2020,,"$42,122,000","$42,274,000","$24,542,000","$23,795,000",--,"$132,733,000",,--,"$150,667,000","$15,017,000",--,"$22,778,000",--,"$321,195,000",,"$116,677,000",--,"$9,708,000","$126,385,000","$31,816,000","$69,590,000",--,--,--,"$227,791,000",,"$5,000","$52,551,000","-$1,837,000","$42,865,000","-$180,000","$93,404,000","$321,195,000"
15,15,amzn,"Amazon.com, Inc. Common Stock (AMZN)",12/31/2019,,"$36,092,000","$18,929,000","$20,816,000","$20,497,000",--,"$96,334,000",,--,"$97,846,000","$14,754,000",--,"$16,314,000",--,"$225,248,000",,"$79,622,000",--,"$8,190,000","$87,812,000","$23,414,000","$51,962,000",--,--,--,"$163,188,000",,"$5,000","$31,220,000","-$1,837,000","$33,658,000","-$986,000","$62,060,000","$225,248,000"
16,16,tsla,"Tesla, Inc. Common Stock (TSLA)",12/31/2022,,"$16,253,000","$5,932,000","$2,952,000","$12,839,000","$2,941,000","$40,917,000",,--,"$31,146,000","$194,000","$215,000","$9,866,000",--,"$82,338,000",,"$22,397,000","$1,502,000","$2,810,000","$26,709,000","$1,597,000","$5,330,000","$2,804,000","$785,000","$409,000","$37,225,000",,"$3,000","$12,885,000",--,"$32,177,000","-$361,000","$44,704,000","$82,338,000"
17,17,tsla,"Tesla, Inc. Common Stock (TSLA)",12/31/2021,,"$17,576,000","$131,000","$1,913,000","$5,757,000","$1,723,000","$27,100,000",,--,"$25,411,000","$200,000","$257,000","$9,163,000",--,"$62,131,000",,"$15,744,000","$1,589,000","$2,372,000","$19,705,000","$5,245,000","$3,546,000","$2,052,000","$826,000","$568,000","$31,374,000",,"$3,000","$329,000",--,"$29,803,000","$54,000","$30,189,000","$62,131,000"
18,18,tsla,"Tesla, Inc. Common Stock (TSLA)",12/31/2020,,"$19,384,000",--,"$1,886,000","$4,101,000","$1,346,000","$26,717,000",,--,"$17,396,000","$207,000","$313,000","$7,515,000",--,"$52,148,000",,"$9,906,000","$2,132,000","$2,210,000","$14,248,000","$9,556,000","$3,330,000","$1,284,000","$850,000","$655,000","$29,268,000",,"$1,000","-$5,399,000",--,"$27,260,000","$363,000","$22,225,000","$52,148,000"
19,19,tsla,"Tesla, Inc. Common Stock (TSLA)",12/31/2019,,"$6,268,000",--,"$1,324,000","$3,552,000","$959,000","$12,103,000",,--,"$14,061,000","$198,000","$339,000","$7,608,000",--,"$34,309,000",,"$6,993,000","$1,785,000","$1,889,000","$10,667,000","$11,634,000","$2,691,000","$1,207,000","$849,000","$643,000","$27,048,000",,"$1,000","-$6,083,000",--,"$12,736,000","-$36,000","$6,618,000","$34,309,000"
20,20,v,Visa Inc. (V),9/30/2022,,"$17,138,000","$2,833,000","$3,952,000",--,"$6,282,000","$30,205,000",,"$2,136,000","$3,223,000","$17,787,000","$25,065,000","$7,085,000",--,"$85,501,000",,"$7,767,000","$5,531,000","$7,555,000","$20,853,000","$20,200,000","$3,535,000","$5,332,000",--,--,"$49,920,000",,"$19,545,000","$16,116,000",--,--,"-$2,404,000","$35,581,000","$85,501,000"
21,21,v,Visa Inc. (V),9/30/2021,,"$17,381,000","$2,025,000","$3,726,000",--,"$4,475,000","$27,607,000",,"$1,705,000","$2,715,000","$15,958,000","$27,664,000","$7,247,000",--,"$82,896,000",,"$6,071,000","$3,442,000","$6,226,000","$15,739,000","$19,978,000","$3,462,000","$6,128,000",--,--,"$45,307,000",,"$18,855,000","$15,351,000",--,--,"$303,000","$37,589,000","$82,896,000"
22,22,v,Visa Inc. (V),9/30/2020,,"$17,190,000","$3,752,000","$2,882,000",--,"$3,821,000","$27,645,000",,"$231,000","$2,737,000","$15,910,000","$27,808,000","$6,588,000",--,"$80,919,000",,"$4,685,000","$4,735,000","$5,090,000","$14,510,000","$21,071,000","$3,891,000","$5,237,000",--,--,"$44,709,000",,--,"$14,088,000",--,"$16,721,000","$315,000","$36,210,000","$80,919,000"
23,23,v,Visa Inc. (V),9/30/2019,,"$9,043,000","$4,236,000","$4,590,000",--,"$3,101,000","$20,970,000",,"$2,157,000","$2,695,000","$15,656,000","$26,780,000","$4,316,000",--,"$72,574,000",,"$4,225,000","$3,990,000","$5,200,000","$13,415,000","$16,729,000","$2,939,000","$4,807,000",--,--,"$37,890,000",,--,"$13,502,000",--,"$16,541,000","-$821,000","$34,684,000","$72,574,000"
24,0,ko,Coca-Cola Company (The) Common Stock (KO),12/31/2022,,"$9,519,000","$2,112,000","$3,487,000","$4,233,000","$3,240,000","$22,591,000",,"$18,765,000","$9,841,000","$18,782,000","$14,849,000","$6,189,000","$1,746,000","$92,763,000",,"$16,952,000","$2,772,000",--,"$19,724,000","$36,377,000","$7,922,000","$2,914,000","$1,721,000",--,"$68,658,000",,"$1,760,000","$71,019,000","-$52,601,000","$18,822,000","-$14,895,000","$24,105,000","$92,763,000"
25,1,ko,Coca-Cola Company (The) Common Stock (KO),12/31/2021,,"$9,684,000","$2,941,000","$3,512,000","$3,414,000","$2,994,000","$22,545,000",,"$18,416,000","$9,920,000","$19,363,000","$15,250,000","$6,731,000","$2,129,000","$94,354,000",,"$15,305,000","$4,645,000",--,"$19,950,000","$38,116,000","$8,607,000","$2,821,000","$1,861,000",--,"$71,355,000",,"$1,760,000","$69,094,000","-$51,641,000","$18,116,000","-$14,330,000","$22,999,000","$94,354,000"
26,2,ko,Coca-Cola Company (The) Common Stock (KO),12/31/2020,,"$6,795,000","$4,119,000","$3,144,000","$3,266,000","$1,916,000","$19,240,000",,"$20,085,000","$10,777,000","$17,506,000","$11,044,000","$6,184,000","$2,460,000","$87,296,000",,"$11,933,000","$2,668,000",--,"$14,601,000","$40,125,000","$9,453,000","$1,833,000","$1,985,000",--,"$67,997,000",,"$1,760,000","$66,555,000","-$52,016,000","$17,601,000","-$14,601,000","$19,299,000","$87,296,000"
27,3,ko,Coca-Cola Company (The) Common Stock (KO),12/31/2019,,"$6,480,000","$4,695,000","$3,971,000","$3,379,000","$1,886,000","$20,411,000",,"$19,879,000","$10,838,000","$16,764,000","$10,002,000","$6,075,000","$2,412,000","$86,381,000",,"$11,726,000","$15,247,000",--,"$26,973,000","$27,516,000","$8,510,000","$2,284,000","$2,117,000",--,"$67,400,000",,"$1,760,000","$65,855,000","-$52,244,000","$17,154,000","-$13,544,000","$18,981,000","$86,381,000"
28,4,pep,"PepsiCo, Inc. Common Stock (PEP)",12/31/2022,,"$4,954,000","$394,000","$10,163,000","$5,222,000","$806,000","$21,539,000",,"$3,073,000","$24,291,000","$18,202,000","$15,586,000","$5,292,000","$4,204,000","$92,187,000",,"$23,371,000","$3,414,000",--,"$26,785,000","$35,657,000","$8,339,000","$4,133,000","$124,000",--,"$75,038,000",,"$23,000","$67,800,000","-$39,506,000","$4,134,000","-$15,302,000","$17,149,000","$92,187,000"
29,5,pep,"PepsiCo, Inc. Common Stock (PEP)",12/25/2021,,"$5,596,000","$392,000","$8,680,000","$4,347,000","$2,768,000","$21,783,000",,"$2,350,000","$22,407,000","$18,381,000","$18,665,000","$4,481,000","$4,310,000","$92,377,000",,"$21,159,000","$4,308,000","$753,000","$26,220,000","$36,026,000","$9,154,000","$4,826,000","$108,000",--,"$76,334,000",,"$23,000","$65,165,000","-$38,248,000","$4,001,000","-$14,898,000","$16,043,000","$92,377,000"
30,6,pep,"PepsiCo, Inc. Common Stock (PEP)",12/26/2020,,"$8,185,000","$1,366,000","$8,404,000","$4,172,000","$874,000","$23,001,000",,"$2,792,000","$21,369,000","$18,757,000","$19,315,000","$3,312,000","$4,372,000","$92,918,000",,"$19,592,000","$3,780,000",--,"$23,372,000","$40,370,000","$11,340,000","$4,284,000","$98,000",--,"$79,464,000",,"$23,000","$63,443,000","-$38,446,000","$3,910,000","-$15,476,000","$13,454,000","$92,918,000"
31,7,pep,"PepsiCo, Inc. Common Stock (PEP)",12/28/2019,,"$5,509,000","$229,000","$7,822,000","$3,338,000","$747,000","$17,645,000",,"$2,683,000","$19,305,000","$15,501,000","$16,043,000","$3,011,000","$4,359,000","$78,547,000",,"$17,541,000","$2,920,000",--,"$20,461,000","$29,148,000","$9,979,000","$4,091,000","$82,000",--,"$63,761,000",,"$23,000","$61,946,000","-$36,769,000","$3,886,000","-$14,300,000","$14,786,000","$78,547,000"
32,8,sony,Sony Group Corporation American Depositary Shares (SONY),3/31/2023,,"$11,127,000","$2,467,000","$13,359,000","$11,030,000","$5,419,000","$43,403,000",,"$141,040,000","$10,105,000","$9,581,000","$4,236,000","$24,001,000","$8,384,000","$240,749,000",,"$38,936,000","$15,800,000","$15,209,000","$69,945,000","$13,282,000","$100,083,000","$2,677,000","$440,000",--,"$186,426,000",,"$6,615,000","$34,673,000","-$1,679,000","$10,999,000","$3,715,000","$54,322,000","$240,749,000"
33,9,sony,Sony Group Corporation American Depositary Shares (SONY),3/31/2022,,"$16,886,000","$2,972,000","$13,417,000","$7,201,000","$5,128,000","$45,604,000",,"$154,180,000","$9,172,000","$7,851,000","$3,708,000","$22,582,000","$8,034,000","$251,131,000",,"$39,841,000","$17,697,000","$14,636,000","$72,174,000","$9,917,000","$104,003,000","$5,738,000","$435,000",--,"$192,268,000",,"$7,253,000","$30,985,000","-$1,483,000","$12,038,000","$10,071,000","$58,863,000","$251,131,000"
34,10,sony,Sony Group Corporation American Depositary Shares (SONY),3/31/2021,,"$16,172,000","$3,728,000","$12,357,000","$5,762,000","$4,651,000","$42,670,000",,"$158,567,000","$8,964,000","$6,571,000","$3,539,000","$21,030,000","$7,599,000","$248,940,000",,"$39,486,000","$12,735,000","$14,329,000","$66,548,000","$9,535,000","$104,612,000","$7,390,000","$398,000",--,"$188,484,000",,"$7,966,000","$26,376,000","-$1,124,000","$13,481,000","$13,758,000","$60,456,000","$248,940,000"
35,11,sony,Sony Group Corporation American Depositary Shares (SONY),4/1/2020,,"$14,120,000","$3,054,000","$11,150,000","$5,226,000","$5,391,000","$38,941,000",,"$154,568,000","$8,563,000","$6,450,000","$3,525,000","$17,322,000","$3,718,000","$233,087,000",,"$34,947,000","$8,617,000","$13,846,000","$57,409,000","$8,767,000","$101,228,000","$9,720,000","$10,456,000",--,"$187,580,000",,"$8,217,000","$18,202,000","-$2,171,000","$12,114,000","$9,144,000","$45,507,000","$233,087,000"
36,12,xom,Exxon Mobil Corporation Common Stock (XOM),12/31/2022,,"$29,665,000",--,"$41,749,000","$24,435,000","$1,782,000","$97,631,000",,"$49,793,000","$204,692,000",--,--,"$16,951,000",--,"$369,067,000",,"$68,411,000","$634,000",--,"$69,045,000","$42,897,000","$31,778,000","$22,874,000","$7,424,000",--,"$174,018,000",,"$15,752,000","$432,860,000","-$240,293,000",--,"-$13,270,000","$195,049,000","$369,067,000"
37,13,xom,Exxon Mobil Corporation Common Stock (XOM),12/31/2021,,"$6,802,000",--,"$32,383,000","$18,780,000","$1,189,000","$59,154,000",,"$45,195,000","$216,552,000",--,--,"$18,022,000",--,"$338,923,000",,"$52,367,000","$4,276,000",--,"$56,643,000","$46,285,000","$40,147,000","$20,165,000","$7,106,000",--,"$170,346,000",,"$15,746,000","$392,059,000","-$225,464,000",--,"-$13,764,000","$168,577,000","$338,923,000"
38,14,xom,Exxon Mobil Corporation Common Stock (XOM),12/31/2020,,"$4,364,000",--,"$20,581,000","$18,850,000","$1,098,000","$44,893,000",,"$43,515,000","$227,553,000",--,--,"$16,789,000",--,"$332,750,000",,"$35,905,000","$20,458,000",--,"$56,363,000","$50,435,000","$43,657,000","$18,165,000","$6,980,000",--,"$175,600,000",,"$15,688,000","$383,943,000","-$225,776,000",--,"-$16,705,000","$157,150,000","$332,750,000"
39,15,xom,Exxon Mobil Corporation Common Stock (XOM),12/31/2019,,"$3,089,000",--,"$26,966,000","$18,528,000","$1,469,000","$50,052,000",,"$43,164,000","$253,018,000",--,--,"$16,363,000",--,"$362,597,000",,"$43,411,000","$20,578,000",--,"$63,989,000","$30,330,000","$43,720,000","$25,620,000","$7,288,000",--,"$170,947,000",,"$15,637,000","$421,341,000","-$225,835,000",--,"-$19,493,000","$191,650,000","$362,597,000"
40,16,shel,Shell PLC American Depositary Shares (each representing two (2) Ordinary Shares) (SHEL),12/31/2022,,"$40,246,000",--,"$66,510,000","$31,894,000","$27,288,000","$165,938,000",,"$34,728,000","$198,642,000","$16,039,000","$9,662,000","$10,200,000","$7,815,000","$443,024,000",,"$84,226,000","$32,780,000","$4,305,000","$121,311,000","$78,226,000","$31,141,000","$19,749,000","$2,125,000",--,"$252,552,000",,"$584,000","$169,482,000","-$726,000",--,"$21,132,000","$190,472,000","$443,024,000"
41,17,shel,Shell PLC American Depositary Shares (each representing two (2) Ordinary Shares) (SHEL),12/31/2021,,"$36,970,000",--,"$53,208,000","$25,258,000","$13,329,000","$128,765,000",,"$35,092,000","$194,932,000","$14,920,000","$9,773,000","$8,471,000","$12,426,000","$404,379,000",,"$66,427,000","$24,529,000","$4,591,000","$95,547,000","$82,943,000","$37,129,000","$13,434,000","$3,360,000",--,"$232,413,000",,"$641,000","$153,026,000","-$610,000",--,"$18,909,000","$171,966,000","$404,379,000"
42,18,shel,Shell PLC American Depositary Shares (each representing two (2) Ordinary Shares) (SHEL),12/31/2020,,"$31,830,000",--,"$33,625,000","$19,457,000","$7,042,000","$91,954,000",,"$36,119,000","$209,700,000",--,"$22,710,000","$2,474,000","$16,311,000","$379,268,000",,"$47,683,000","$22,207,000","$3,818,000","$73,708,000","$93,419,000","$42,721,000","$10,883,000","$3,227,000",--,"$223,958,000",,"$651,000","$142,616,000","-$709,000",--,"$12,752,000","$155,310,000","$379,268,000"
43,19,shel,Shell PLC American Depositary Shares (each representing two (2) Ordinary Shares) (SHEL),12/31/2019,,"$18,055,000",--,"$43,414,000","$24,071,000","$7,149,000","$92,689,000",,"$34,571,000","$238,349,000",--,"$23,486,000","$4,717,000","$10,524,000","$404,336,000",,"$56,320,000","$20,493,000","$2,811,000","$79,624,000","$83,702,000","$34,816,000","$15,731,000","$3,987,000",--,"$217,860,000",,"$657,000","$172,431,000","-$1,063,000",--,"$14,451,000","$186,476,000","$404,336,000"
44,20,cvx,Chevron Corporation Common Stock (CVX),12/31/2022,,"$17,678,000","$223,000","$20,456,000","$8,247,000","$3,739,000","$50,343,000",,"$46,307,000","$144,027,000","$4,722,000",--,--,"$12,310,000","$257,709,000",,"$32,244,000","$1,964,000",--,"$34,208,000","$21,375,000","$4,357,000","$37,527,000","$960,000",--,"$98,427,000",,"$1,832,000","$190,024,000","-$48,196,000","$18,660,000","-$3,038,000","$159,282,000","$257,709,000"
45,21,cvx,Chevron Corporation Common Stock (CVX),12/31/2021,,"$5,640,000","$35,000","$18,419,000","$6,795,000","$2,849,000","$33,738,000",,"$41,299,000","$147,729,000","$4,385,000",--,--,"$12,384,000","$239,535,000",,"$26,535,000","$256,000",--,"$26,791,000","$31,113,000","$6,248,000","$35,443,000","$873,000",--,"$100,468,000",,"$1,832,000","$165,546,000","-$41,464,000","$17,282,000","-$4,129,000","$139,067,000","$239,535,000"
46,22,cvx,Chevron Corporation Common Stock (CVX),12/31/2020,,"$5,596,000","$31,000","$11,471,000","$5,676,000","$3,304,000","$26,078,000",,"$39,641,000","$157,719,000","$4,402,000",--,--,"$11,950,000","$239,790,000",,"$20,635,000","$1,548,000",--,"$22,183,000","$42,767,000","$9,217,000","$32,897,000","$1,038,000",--,"$108,102,000",,"$1,832,000","$160,377,000","-$41,498,000","$16,829,000","-$5,852,000","$131,688,000","$239,790,000"
47,23,cvx,Chevron Corporation Common Stock (CVX),12/31/2019,,"$5,686,000","$63,000","$13,325,000","$5,848,000","$3,407,000","$28,329,000",,"$40,199,000","$153,905,000","$4,463,000",--,--,"$10,532,000","$237,428,000",,"$23,248,000","$3,282,000",--,"$26,530,000","$23,691,000","$7,866,000","$34,133,000","$995,000",--,"$93,215,000",,"$1,832,000","$174,945,000","-$44,599,000","$17,265,000","-$5,230,000","$144,213,000","$237,428,000"
48,24,hsbc,"HSBC Holdings, plc. Common Stock (HSBC)",12/31/2022,,"$947,518,000",--,"$8,527,000",--,--,--,,"$1,881,911,000",--,--,"$21,321,000","$317,848,000","$7,498,000","$2,966,530,000",,"$142,239,000","$127,747,000","$1,637,025,000",--,"$358,117,000","$402,513,000","$2,422,000","$8,544,000",--,"$2,779,046,000",,"$10,147,000","$152,068,000",--,"$14,664,000","$10,605,000","$187,484,000","$2,966,530,000"
49,25,hsbc,"HSBC Holdings, plc. Common Stock (HSBC)",12/31/2021,,"$1,019,222,000",--,"$5,106,000",--,--,--,,"$1,967,421,000",--,--,"$20,622,000","$189,786,000","$4,624,000","$2,957,939,000",,"$120,685,000","$126,670,000","$1,811,726,000",--,"$275,968,000","$312,396,000","$4,673,000","$8,527,000",--,"$2,759,689,000",,"$10,316,000","$144,458,000",--,"$14,602,000","$28,874,000","$198,250,000","$2,957,939,000"
50,26,hsbc,"HSBC Holdings, plc. Common Stock (HSBC)",12/31/2020,,"$889,135,000",--,"$5,048,000",--,--,--,,"$2,095,080,000",--,--,"$20,443,000","$201,965,000","$4,483,000","$2,984,164,000",,"$133,657,000","$111,901,000","$1,724,860,000",--,"$378,267,000","$308,728,000","$4,313,000","$8,552,000",--,"$2,787,721,000",,"$10,347,000","$140,572,000",--,"$14,277,000","$31,247,000","$196,443,000","$2,984,164,000"
51,27,hsbc,"HSBC Holdings, plc. Common Stock (HSBC)",12/31/2019,,"$756,815,000",--,"$5,711,000",--,--,--,,"$2,001,795,000",--,--,"$20,163,000","$180,307,000","$4,632,000","$2,715,152,000",,"$125,123,000","$140,344,000","$1,498,137,000",--,"$322,667,000","$303,683,000","$3,375,000","$8,713,000",--,"$2,531,197,000",,"$10,319,000","$136,679,000",--,"$13,959,000","$22,998,000","$183,955,000","$2,715,152,000"
52,28,jpm,JP Morgan Chase & Co. Common Stock (JPM),12/31/2022,,"$882,826,000",--,"$125,189,000",--,--,--,,"$2,386,251,000","$27,734,000",--,"$60,859,000","$182,884,000",--,"$3,665,743,000",,"$300,141,000","$246,640,000","$2,340,179,000",--,"$473,841,000",--,--,"$12,610,000",--,"$3,373,411,000",,"$4,105,000","$296,456,000","-$107,336,000","$89,044,000","-$17,341,000","$292,332,000","$3,665,743,000"
53,29,jpm,JP Morgan Chase & Co. Common Stock (JPM),12/31/2021,,"$1,002,532,000",--,"$102,570,000",--,--,--,,"$2,373,206,000","$27,070,000",--,"$56,691,000","$181,498,000",--,"$3,743,567,000",,"$262,755,000","$247,934,000","$2,462,303,000",--,"$465,698,000",--,--,"$10,750,000",--,"$3,449,440,000",,"$4,105,000","$272,268,000","-$105,415,000","$88,415,000","-$84,000","$294,127,000","$3,743,567,000"
54,30,jpm,JP Morgan Chase & Co. Common Stock (JPM),12/31/2020,,"$823,893,000",--,"$90,503,000",--,--,--,,"$2,238,285,000","$27,109,000",--,"$53,428,000","$151,539,000",--,"$3,384,757,000",,"$231,285,000","$260,417,000","$2,144,257,000",--,"$451,866,000",--,--,"$17,578,000",--,"$3,105,403,000",,"$4,105,000","$236,990,000","-$88,184,000","$88,394,000","$7,986,000","$279,354,000","$3,384,757,000"
55,31,jpm,JP Morgan Chase & Co. Common Stock (JPM),12/31/2019,,"$512,788,000",--,"$72,861,000",--,--,--,,"$1,892,181,000","$25,813,000",--,"$53,341,000","$130,395,000",--,"$2,687,379,000",,"$210,407,000","$224,595,000","$1,562,431,000",--,"$410,775,000",--,--,"$17,841,000",--,"$2,426,049,000",,"$4,105,000","$223,211,000","-$83,049,000","$88,522,000","$1,548,000","$261,330,000","$2,687,379,000"
56,32,bac,Bank of America Corporation Common Stock (BAC),12/31/2022,,"$1,656,704,000","$7,259,000","$67,543,000",--,--,--,,"$2,247,505,000","$11,510,000","$69,022,000",--,"$150,759,000",--,"$3,051,375,000",,"$224,073,000","$222,567,000","$1,930,341,000",--,"$125,215,000",--,--,--,--,"$2,778,178,000",,"$58,953,000","$207,003,000",--,--,"-$21,156,000","$273,197,000","$3,051,375,000"
57,33,bac,Bank of America Corporation Common Stock (BAC),12/31/2021,,"$1,828,648,000","$7,144,000","$72,263,000",--,--,--,,"$2,247,423,000","$10,833,000","$69,022,000",--,"$163,869,000",--,"$3,169,495,000",,"$200,419,000","$216,082,000","$2,064,446,000",--,"$138,365,000",--,--,--,--,"$2,899,429,000",,"$62,398,000","$188,064,000",--,--,"-$5,104,000","$270,066,000","$3,169,495,000"
58,34,bac,Bank of America Corporation Common Stock (BAC),12/31/2020,,"$1,568,225,000","$6,546,000","$64,221,000",--,--,--,,"$1,849,185,000","$11,000,000","$68,951,000",--,"$135,203,000",--,"$2,819,627,000",,"$181,799,000","$189,644,000","$1,795,480,000",--,"$116,846,000",--,--,--,--,"$2,546,703,000",,"$85,982,000","$164,088,000",--,--,"-$1,656,000","$272,924,000","$2,819,627,000"
59,35,bac,Bank of America Corporation Common Stock (BAC),12/31/2019,,"$1,138,180,000","$7,107,000","$55,937,000",--,--,--,,"$1,725,676,000","$10,561,000","$68,951,000",--,"$129,690,000",--,"$2,434,079,000",,"$182,798,000","$189,313,000","$1,434,803,000",--,"$121,499,000",--,--,--,--,"$2,169,269,000",,"$91,723,000","$156,319,000",--,--,"-$6,633,000","$264,810,000","$2,434,079,000"
60,36,lly,Eli Lilly and Company Common Stock (LLY),12/31/2022,,"$2,067,000","$144,800","$8,558,900","$4,309,700","$2,954,100","$18,034,500",,"$2,901,800","$10,144,000","$4,073,000","$7,206,600","$4,337,000","$2,792,900","$49,489,800",,"$4,482,700","$1,501,100","$11,154,400","$17,138,200","$14,737,500","$6,751,400","$87,300","$125,600",--,"$38,714,400",,"$594,100","$10,042,600","-$50,500","$6,921,400","-$6,857,800","$10,649,800","$49,489,800"
61,37,lly,Eli Lilly and Company Common Stock (LLY),12/31/2021,,"$3,818,500","$90,100","$8,127,200","$3,886,000","$2,530,600","$18,452,400",,"$3,212,600","$8,985,100","$3,892,000","$7,691,900","$4,082,700","$2,489,300","$48,806,000",,"$3,641,100","$1,538,300","$9,873,300","$15,052,700","$15,346,400","$7,518,400","$1,733,700","$175,600",--,"$39,651,200",,"$596,300","$8,958,500","-$52,700","$6,833,400","-$7,356,300","$8,979,200","$48,806,000"
62,38,lly,Eli Lilly and Company Common Stock (LLY),12/31/2020,,"$3,657,100","$24,200","$6,929,000","$3,980,300","$2,871,500","$17,462,100",,"$2,966,800","$8,681,900","$3,766,500","$7,450,000","$3,475,400","$2,830,400","$46,633,100",,"$3,869,600","$8,700","$8,603,300","$12,481,600","$16,586,600","$9,639,800","$2,099,900","$183,600",--,"$40,807,900",,"$598,200","$7,830,200","-$55,700","$6,778,500","-$9,509,600","$5,641,600","$46,633,100"
63,39,lly,Eli Lilly and Company Common Stock (LLY),12/31/2019,,"$2,337,500","$101,000","$5,541,500","$3,190,700","$2,538,900","$13,709,600",,"$1,962,400","$7,872,900","$3,679,400","$6,618,000","$2,871,200","$2,572,600","$39,286,100",,"$3,152,900","$1,499,300","$7,123,000","$11,775,200","$13,817,900","$8,806,400","$2,187,500","$92,200",--,"$36,587,000",,"$598,800","$4,920,400","-$60,800","$6,685,300","-$9,536,800","$2,606,900","$39,286,100"
64,40,unh,UnitedHealth Group Incorporated Common Stock (DE) (UNH),12/31/2022,,"$23,365,000","$4,546,000","$30,450,000",--,--,--,,"$43,728,000","$10,128,000","$93,352,000","$14,401,000","$25,735,000",--,"$245,705,000",,"$56,771,000","$3,110,000",--,--,"$57,623,000","$39,120,000","$5,844,000","$3,678,000","$4,897,000","$163,036,000",,"$9,000","$86,156,000",--,--,"-$8,393,000","$77,772,000","$245,705,000"
65,41,unh,UnitedHealth Group Incorporated Common Stock (DE) (UNH),12/31/2021,,"$21,375,000","$2,532,000","$28,082,000",--,--,--,,"$43,114,000","$8,969,000","$75,795,000","$10,044,000","$22,295,000",--,"$212,206,000",,"$49,126,000","$3,620,000",--,--,"$46,003,000","$34,762,000","$5,836,000","$3,285,000","$1,434,000","$139,012,000",,"$10,000","$77,134,000",--,--,"-$5,384,000","$71,760,000","$212,206,000"
66,42,unh,UnitedHealth Group Incorporated Common Stock (DE) (UNH),12/31/2020,,"$16,921,000","$2,860,000","$25,404,000",--,--,--,,"$41,242,000","$8,626,000","$71,337,000","$10,856,000","$20,043,000",--,"$197,289,000",,"$44,367,000","$4,819,000",--,--,"$43,467,000","$32,707,000","$6,209,000","$2,837,000","$2,211,000","$129,587,000",,"$10,000","$69,295,000",--,--,"-$3,814,000","$65,491,000","$197,289,000"
67,43,unh,UnitedHealth Group Incorporated Common Stock (DE) (UNH),12/31/2019,,"$10,985,000","$3,260,000","$21,462,000",--,--,--,,"$37,209,000","$8,704,000","$65,659,000","$10,349,000","$16,261,000",--,"$173,889,000",,"$40,695,000","$3,870,000",--,--,"$40,678,000","$24,739,000","$5,615,000","$2,820,000","$1,726,000","$114,547,000",,"$9,000","$61,178,000",--,"$7,000","-$3,578,000","$57,616,000","$173,889,000"
68,44,nvo,Novo Nordisk A/S Common Stock (NVO),12/31/2022,,"$2,598,000","$1,567,000","$8,253,000","$3,500,000",--,"$15,528,000",,"$77,000","$9,568,000",--,"$7,379,000","$146,000","$1,927,000","$34,624,000",,"$3,255,000","$627,000","$13,475,000","$17,357,000","$3,490,000","$782,000","$1,013,000",--,--,"$22,643,000",,"$65,000","$11,566,000","-$1,000",--,"$351,000","$11,982,000","$34,624,000"
69,45,nvo,Novo Nordisk A/S Common Stock (NVO),12/31/2021,,"$2,155,000","$1,034,000","$7,156,000","$3,000,000",--,"$13,087,000",,"$121,000","$8,465,000",--,"$6,601,000","$140,000","$1,326,000","$29,740,000",,"$1,915,000","$2,426,000","$10,874,000","$15,216,000","$1,982,000","$920,000","$806,000",--,--,"$18,923,000",,"$71,000","$11,009,000","-$1,000",--,"-$262,000","$10,817,000","$29,740,000"
70,46,nvo,Novo Nordisk A/S Common Stock (NVO),12/31/2020,,"$2,863,000",--,"$5,290,000","$3,047,000",--,"$10,818,000",,"$207,000","$8,263,000",--,"$3,396,000","$175,000","$964,000","$23,822,000",,"$1,583,000","$1,450,000","$8,518,000","$11,551,000","$476,000","$974,000","$411,000",--,--,"$13,413,000",,"$77,000","$10,483,000","-$1,000",--,"-$150,000","$10,409,000","$23,822,000"
71,47,nvo,Novo Nordisk A/S Common Stock (NVO),12/31/2017,,"$3,784,000",--,"$3,798,000","$2,479,000",--,"$9,690,000",,"$126,000","$5,685,000",--,"$536,000","$158,000","$313,000","$16,508,000",,"$1,589,000","$323,000","$5,677,000","$7,589,000",--,"$748,000","$136,000",--,--,"$8,474,000",,"$81,000","$7,899,000","-$2,000",--,"$56,000","$8,034,000","$16,508,000"
72,48,tmo,Thermo Fisher Scientific Inc Common Stock (TMO),12/31/2022,,"$8,524,000",--,"$8,115,000","$5,634,000","$2,956,000","$25,229,000",,--,"$9,280,000","$41,196,000","$17,442,000","$4,007,000",--,"$97,154,000",,"$8,830,000","$5,579,000","$2,601,000","$17,010,000","$28,909,000","$4,238,000","$2,849,000","$54,000","$116,000","$53,060,000",,--,"$41,910,000","-$12,017,000","$16,743,000","-$3,099,000","$43,978,000","$97,154,000"
73,49,tmo,Thermo Fisher Scientific Inc Common Stock (TMO),12/31/2021,,"$4,477,000",--,"$7,977,000","$5,051,000","$2,608,000","$20,113,000",,--,"$8,333,000","$41,924,000","$20,113,000","$4,640,000",--,"$95,123,000",,"$8,244,000","$2,537,000","$2,655,000","$13,436,000","$32,333,000","$4,540,000","$3,837,000","$62,000","$122,000","$54,208,000",,--,"$35,431,000","-$8,922,000","$16,174,000","-$2,329,000","$40,793,000","$95,123,000"
74,50,tmo,Thermo Fisher Scientific Inc Common Stock (TMO),12/31/2020,,"$10,325,000",--,"$5,741,000","$4,029,000","$1,862,000","$21,957,000",,--,"$5,912,000","$26,041,000","$12,685,000","$2,457,000",--,"$69,052,000",,"$6,405,000","$2,628,000","$1,271,000","$10,304,000","$19,107,000","$3,330,000","$1,794,000","$10,000",--,"$34,545,000",,--,"$28,116,000","-$6,818,000","$15,579,000","-$2,807,000","$34,507,000","$69,052,000"
75,51,tmo,Thermo Fisher Scientific Inc Common Stock (TMO),12/31/2019,,"$2,399,000",--,"$4,349,000","$3,370,000","$1,775,000","$11,893,000",,--,"$4,749,000","$25,714,000","$14,014,000","$2,011,000",--,"$58,381,000",,"$4,605,000","$676,000","$916,000","$6,197,000","$17,076,000","$3,241,000","$2,192,000",--,--,"$28,706,000",,"$434,000","$22,092,000","-$5,236,000","$15,064,000","-$2,679,000","$29,675,000","$58,381,000"
76,52,dhr,Danaher Corporation Common Stock (DHR),12/31/2022,,"$5,995,000",--,"$4,918,000","$3,110,000","$1,860,000","$15,883,000",,--,"$3,956,000","$39,752,000","$20,300,000","$4,459,000",--,"$84,350,000",,"$7,798,000","$591,000",--,"$8,389,000","$19,086,000","$6,785,000",--,"$8,000",--,"$34,268,000",,"$9,000","$39,205,000",--,"$12,072,000","-$2,872,000","$50,082,000","$84,350,000"
77,53,dhr,Danaher Corporation Common Stock (DHR),12/31/2021,,"$2,586,000",--,"$4,631,000","$2,767,000","$1,664,000","$11,648,000",,--,"$3,790,000","$41,184,000","$22,843,000","$3,719,000",--,"$83,184,000",,"$8,132,000","$8,000",--,"$8,140,000","$22,168,000","$7,699,000",--,"$10,000",--,"$38,017,000",,"$9,000","$32,827,000",--,"$10,090,000","-$1,027,000","$45,167,000","$83,184,000"
78,54,dhr,Danaher Corporation Common Stock (DHR),12/31/2020,,"$6,035,000",--,"$4,045,000","$2,292,000","$1,430,000","$13,802,000",,--,"$3,262,000","$35,420,000","$21,282,000","$2,395,000",--,"$76,161,000",,"$7,391,000","$11,000",--,"$7,402,000","$21,193,000","$7,789,000",--,"$11,000",--,"$36,395,000",,"$9,000","$27,159,000",--,"$9,698,000","-$368,000","$39,766,000","$76,161,000"
79,55,dhr,Danaher Corporation Common Stock (DHR),12/31/2019,,"$19,912,000",--,"$3,191,000","$1,628,000","$865,000","$25,596,000",,--,"$2,302,000","$22,713,000","$9,750,000","$1,721,000",--,"$62,082,000",,"$4,720,000","$212,000",--,"$4,932,000","$21,517,000","$5,351,000",--,"$11,000",--,"$31,811,000",,"$8,000","$24,166,000",--,"$7,565,000","-$3,068,000","$30,271,000","$62,082,000"
80,56,lin,Linde plc Ordinary Shares (LIN),12/31/2022,,"$5,436,000",--,"$4,559,000","$1,978,000","$1,074,000","$13,047,000",,"$2,350,000","$23,548,000","$25,817,000","$12,420,000","$2,476,000",--,"$79,658,000",,"$3,608,000","$5,716,000","$7,155,000","$16,479,000","$12,198,000","$2,795,000","$6,799,000","$1,346,000","$13,000","$39,617,000",,"$1,000","$20,541,000","-$14,737,000","$40,005,000","-$5,782,000","$40,028,000","$79,658,000"
81,57,lin,Linde plc Ordinary Shares (LIN),12/31/2021,,"$2,823,000",--,"$4,499,000","$1,733,000","$1,104,000","$10,159,000",,"$2,619,000","$26,003,000","$27,038,000","$13,802,000","$1,984,000",--,"$81,605,000",,"$3,932,000","$2,872,000","$6,839,000","$13,643,000","$11,335,000","$4,188,000","$6,998,000","$1,393,000","$13,000","$37,557,000",,"$1,000","$18,710,000","-$9,808,000","$40,180,000","-$5,048,000","$44,035,000","$81,605,000"
82,58,lin,Linde plc Ordinary Shares (LIN),12/31/2020,,"$3,754,000",--,"$4,167,000","$1,729,000","$1,274,000","$10,924,000",,"$2,061,000","$28,711,000","$28,201,000","$16,184,000","$2,148,000",--,"$88,229,000",,"$3,637,000","$4,002,000","$6,101,000","$13,740,000","$12,152,000","$5,519,000","$7,236,000","$2,252,000","$13,000","$40,899,000",,"$1,000","$17,178,000","-$5,374,000","$40,202,000","-$4,690,000","$47,317,000","$88,229,000"
83,59,lin,Linde plc Ordinary Shares (LIN),12/31/2019,,"$2,700,000",--,"$4,322,000","$1,697,000","$1,633,000","$10,352,000",,"$2,027,000","$29,064,000","$27,019,000","$16,137,000","$2,013,000",--,"$86,612,000",,"$3,636,000","$3,263,000","$5,261,000","$12,160,000","$10,693,000","$4,888,000","$7,236,000","$2,448,000","$113,000","$37,425,000",,"$1,000","$16,842,000","-$3,156,000","$40,201,000","-$4,814,000","$49,074,000","$86,612,000"
84,60,ferg,Ferguson plc Ordinary Shares (FERG),7/31/2022,,"$771,000",--,"$3,610,000","$4,333,000","$837,000","$9,551,000",,--,"$2,576,000","$2,048,000","$782,000","$527,000","$177,000","$15,661,000",,"$3,607,000","$250,000","$1,942,000","$5,799,000","$3,679,000","$1,518,000",--,--,--,"$10,996,000",,"$30,000","$7,594,000","-$2,782,000","$760,000","-$937,000","$4,665,000","$15,661,000"
85,61,ferg,Ferguson plc Ordinary Shares (FERG),7/31/2021,,"$1,335,000",--,"$2,786,000","$3,273,000","$735,000","$8,129,000",,--,"$2,407,000","$1,828,000","$546,000","$559,000","$240,000","$13,709,000",,"$3,030,000",--,"$1,708,000","$4,738,000","$2,512,000","$1,456,000",--,--,--,"$8,706,000",,"$30,000","$6,054,000","-$931,000","$704,000","-$854,000","$5,003,000","$13,709,000"
86,62,ferg,Ferguson plc Ordinary Shares (FERG),7/31/2020,,"$2,137,000",--,"$3,042,000","$2,880,000","$29,000","$8,077,000",,"$405,000","$1,389,000","$1,721,000","$521,000","$1,127,000","$216,000","$13,456,000",,"$3,884,000","$531,000","$334,000","$4,749,000","$2,973,000","$1,337,000","$26,000",--,--,"$9,085,000",,"$30,000",--,--,"$9,000","$4,332,000","$4,371,000","$13,456,000"
87,63,ferg,Ferguson plc Ordinary Shares (FERG),,,,,,,,,,,,,,,,,,,,,,,,,,,,,,,,,,,
88,64,dlb,Dolby Laboratories Common Stock (DLB),9/30/2022,,"$628,371","$189,213","$243,593","$23,549","$226,168","$1,310,894",,"$102,514","$560,011","$365,147","$112,265","$55,149","$183,568","$2,689,548",,"$245,673",--,"$31,845","$277,518",--,"$161,010",--,"$4,837",--,"$443,365",,$94,"$2,297,730",--,--,"-$51,641","$2,246,183","$2,689,548"
89,65,dlb,Dolby Laboratories Common Stock (DLB),9/24/2021,,"$1,233,032","$38,839","$232,609","$10,965","$245,053","$1,760,498",,"$62,819","$601,509","$340,694","$122,890","$61,257","$156,020","$3,105,687",,"$281,841",--,"$33,876","$315,717",--,"$185,738",--,"$6,253",--,"$507,708",,$100,"$2,607,909",--,--,"-$10,030","$2,597,979","$3,105,687"
90,66,dlb,Dolby Laboratories Common Stock (DLB),9/25/2020,,"$1,079,979","$46,948","$180,340","$25,550","$214,379","$1,547,196",,"$52,149","$618,478","$336,945","$152,431","$91,245","$118,881","$2,917,325",,"$235,851",--,"$31,258","$267,109",--,"$211,811",--,"$5,762",--,"$484,682",,$99,"$2,443,138",--,--,"-$10,594","$2,432,643","$2,917,325"
91,67,dlb,Dolby Laboratories Common Stock (DLB),9/27/2019,,"$805,593","$119,146","$189,115","$32,331","$235,355","$1,381,540",,"$179,587","$537,432","$334,829","$180,891","$93,395","$114,075","$2,821,749",,"$286,862",--,"$19,991","$306,853",--,"$201,866",--,"$5,679",--,"$514,398",,$99,"$2,327,877",--,--,"-$20,625","$2,307,351","$2,821,749"
92,68,cae,CAE Inc. Ordinary Shares (CAE),3/31/2023,,"$178,600",--,"$490,600","$431,100","$560,100","$1,651,500",,"$436,700","$2,079,200",--,"$2,993,200","$458,600","$92,400","$7,711,600",,"$781,600","$189,600","$689,000","$1,660,100","$2,247,800","$249,500","$163,400","$60,000",--,"$4,380,800",,"$1,657,800","$1,518,300",--,"$31,100","$123,500","$3,330,800","$7,711,600"
93,69,cae,CAE Inc. Ordinary Shares (CAE),3/31/2022,,"$321,300",--,"$472,400","$416,200","$532,400","$1,720,200",,"$371,900","$2,003,300",--,"$3,039,300","$440,100","$94,000","$7,668,900",,"$798,900","$214,900","$660,500","$1,674,200","$2,246,000","$314,000","$162,800","$61,600",--,"$4,458,700",,"$1,781,100","$1,423,200",--,"$30,900","-$25,000","$3,210,200","$7,668,900"
94,70,cae,CAE Inc. Ordinary Shares (CAE),3/31/2021,,"$1,345,100",--,"$444,300","$515,400","$409,000","$2,688,100",,"$346,400","$1,812,400",--,"$1,635,700","$394,500","$83,500","$6,960,600",,"$765,300","$183,100","$1,146,800","$2,095,200","$1,701,400","$332,800","$275,100","$57,500",--,"$4,461,800",,"$1,206,300","$1,228,200",--,"$17,900","$46,200","$2,498,700","$6,960,600"
95,71,cae,CAE Inc. Ordinary Shares (CAE),3/31/2020,,"$700,200",--,"$419,100","$432,900","$438,700","$1,973,200",,"$332,800","$1,791,400",--,"$1,444,800","$358,600","$59,400","$5,960,300",,"$675,000","$229,100","$544,800","$1,448,900","$2,191,200","$253,500","$255,300","$62,200",--,"$4,211,100",,"$477,400","$1,117,200",--,"$18,900","$135,700","$1,749,200","$5,960,300"
96,72,pld,"Prologis, Inc. Common Stock (PLD)",12/31/2022,,"$278,483",--,--,--,--,--,,"$9,698,898","$72,587,311",--,--,"$4,801,499",--,"$87,897,448",,"$1,711,885",--,--,--,"$23,875,961","$4,446,509",--,"$4,625,811",--,"$34,660,166",,"$9,231","-$457,695",--,"$54,065,407","-$443,609","$53,237,282","$87,897,448"
97,73,pld,"Prologis, Inc. Common Stock (PLD)",12/31/2021,,"$556,117",--,--,--,--,--,,"$8,610,958","$45,337,003",--,--,"$3,312,454",--,"$58,486,220",,"$1,252,767",--,--,--,"$17,715,054","$1,776,189",--,"$4,315,337",--,"$25,059,347",,"$7,398","-$1,327,828",--,"$35,561,608","-$878,253","$33,426,873","$58,486,220"
98,74,pld,"Prologis, Inc. Common Stock (PLD)",12/31/2020,,"$598,086",--,--,--,--,--,,"$7,602,014","$43,845,172",--,--,"$2,949,009",--,"$56,065,005",,"$1,143,372",--,--,--,"$16,849,076","$1,747,977",--,"$4,353,033",--,"$24,093,458",,"$7,394","-$2,394,690",--,"$35,488,634","-$1,193,739","$31,971,547","$56,065,005"
99,75,pld,"Prologis, Inc. Common Stock (PLD)",12/31/2019,,"$1,088,855",--,--,--,--,--,,"$6,237,371","$29,786,752",--,--,"$2,198,187",--,"$40,031,850",,"$704,954",--,--,--,"$11,905,877","$1,349,235",--,"$3,418,657",--,"$17,378,723",,"$6,318","-$2,151,168",--,"$25,719,427","-$990,398","$22,653,127","$40,031,850"
100,76,amt,American Tower Corporation (REIT) Common Stock (AMT),12/31/2022,,"$2,140,700",--,"$758,300",--,"$723,300","$3,622,300",,"$546,700","$28,917,200","$12,956,700","$17,983,300",--,"$3,168,300","$67,194,500",,"$2,569,100","$4,514,200","$1,228,600","$8,311,900","$34,156,000","$10,826,100","$1,492,000","$6,836,100",--,"$61,622,100",,"$4,800","-$2,101,900","-$1,301,200","$14,689,000","-$5,718,300","$5,572,400","$67,194,500"
101,77,amt,American Tower Corporation (REIT) Common Stock (AMT),12/31/2021,,"$2,343,300",--,"$728,900",--,"$657,200","$3,729,400",,"$400,900","$29,009,100","$13,350,100","$20,727,200",--,"$2,671,200","$69,887,900",,"$2,582,000","$4,568,700","$1,916,600","$9,067,300","$38,685,500","$11,234,600","$1,830,900","$3,988,400",--,"$64,806,700",,"$4,700","-$1,142,400","-$1,282,400","$12,240,200","-$4,738,900","$5,081,200","$69,887,900"
102,78,amt,American Tower Corporation (REIT) Common Stock (AMT),12/31/2020,,"$1,861,400",--,"$511,600",--,"$532,600","$2,905,600",,"$400,100","$20,597,900","$7,282,700","$13,839,800",--,"$2,207,400","$47,233,500",,"$1,935,200","$789,800","$930,500","$3,655,500","$28,497,700","$9,440,300","$859,500","$474,900","$212,100","$42,927,900",,"$4,600","-$1,343,000","-$1,282,400","$10,473,700","-$3,759,400","$4,093,500","$47,233,500"
103,79,amt,American Tower Corporation (REIT) Common Stock (AMT),12/31/2019,,"$1,578,000",--,"$462,200",--,"$513,600","$2,553,800",,"$406,400","$19,441,800","$6,178,300","$12,318,400",--,"$1,902,900","$42,801,600",,"$1,770,700","$2,928,200","$788,800","$5,487,700","$21,127,200","$8,831,500","$768,300","$435,000","$1,096,500","$36,649,700",,"$4,500","-$1,016,800","-$1,226,400","$10,117,700","-$2,823,600","$5,055,400","$42,801,600"
104,0,eqix,"Equinix, Inc. Common Stock REIT (EQIX)",12/31/2022,,"$1,906,421",--,"$855,380",--,"$543,454","$3,305,255",,--,"$18,077,484","$5,654,217","$1,897,649","$1,376,137",--,"$30,310,742",,"$1,286,147","$161,267","$390,884","$1,838,298","$14,895,937","$2,070,675",--,-$134,--,"$18,804,776",,$93,"-$4,352,732","-$71,966","$17,320,017","-$1,389,446","$11,505,966","$30,310,742"
105,1,eqix,"Equinix, Inc. Common Stock REIT (EQIX)",12/31/2021,,"$1,536,358",--,"$681,809",--,"$738,934","$2,957,101",,--,"$16,728,193","$5,372,071","$1,935,267","$926,066",--,"$27,918,698",,"$1,066,478","$180,928","$358,548","$1,605,954","$13,560,389","$1,870,591",--,-$318,--,"$17,036,616",,$91,"-$3,904,647","-$112,208","$15,984,597","-$1,085,751","$10,882,082","$27,918,698"
106,2,eqix,"Equinix, Inc. Common Stock REIT (EQIX)",12/31/2020,,"$1,604,869","$4,532","$676,738",--,"$323,016","$2,609,155",,--,"$15,978,141","$5,472,553","$2,170,945","$776,047",--,"$27,006,841",,"$1,146,017","$219,972","$658,761","$2,024,750","$12,090,347","$2,257,626",--,$130,--,"$16,372,853",,$89,"-$3,358,972","-$122,118","$15,028,357","-$913,368","$10,633,988","$27,006,841"
107,3,eqix,"Equinix, Inc. Common Stock REIT (EQIX)",12/31/2019,,"$1,869,577","$10,362","$689,134",--,"$303,543","$2,872,616",,--,"$13,627,964","$4,781,858","$2,102,389","$580,788",--,"$23,965,615",,"$1,062,253","$152,842","$942,768","$2,157,863","$11,029,989","$1,937,381",--,-$224,--,"$15,125,009",,$86,"-$2,777,044","-$144,256","$12,696,433","-$934,613","$8,840,606","$23,965,615"
108,4,aapl,Apple Inc. Common Stock (AAPL),9/24/2022,,"$23,646,000","$24,658,000","$60,932,000","$4,946,000","$21,223,000","$135,405,000",,"$120,805,000","$42,117,000",--,--,"$54,428,000",--,"$352,755,000",,"$64,115,000","$21,110,000","$68,757,000","$153,982,000","$98,959,000","$49,142,000",--,--,--,"$302,083,000",,"$64,849,000","-$3,068,000",--,--,"-$11,109,000","$50,672,000","$352,755,000"
109,5,aapl,Apple Inc. Common Stock (AAPL),9/25/2021,,"$34,940,000","$27,699,000","$51,506,000","$6,580,000","$14,111,000","$134,836,000",,"$127,877,000","$39,440,000",--,--,"$48,849,000",--,"$351,002,000",,"$54,763,000","$15,613,000","$55,105,000","$125,481,000","$109,106,000","$53,325,000",--,--,--,"$287,912,000",,"$57,365,000","$5,562,000",--,--,"$163,000","$63,090,000","$351,002,000"
110,6,aapl,Apple Inc. Common Stock (AAPL),9/26/2020,,"$38,016,000","$52,927,000","$37,445,000","$4,061,000","$11,264,000","$143,713,000",,"$100,887,000","$36,766,000",--,--,"$42,522,000",--,"$323,888,000",,"$42,296,000","$13,769,000","$49,327,000","$105,392,000","$98,667,000","$54,490,000",--,--,--,"$258,549,000",,"$50,779,000","$14,966,000",--,--,"-$406,000","$65,339,000","$323,888,000"
111,7,aapl,Apple Inc. Common Stock (AAPL),9/28/2019,,"$48,844,000","$51,713,000","$45,804,000","$4,106,000","$12,352,000","$162,819,000",,"$105,341,000","$37,378,000",--,--,"$32,978,000",--,"$338,516,000",,"$46,236,000","$16,240,000","$43,242,000","$105,718,000","$91,807,000","$50,503,000",--,--,--,"$248,028,000",,"$45,174,000","$45,898,000",--,--,"-$584,000","$90,488,000","$338,516,000"
112,8,msft,Microsoft Corporation Common Stock (MSFT),6/30/2023,,"$34,704,000","$76,558,000","$48,688,000","$2,500,000","$21,807,000","$184,257,000",,"$9,879,000","$109,987,000","$67,886,000","$9,366,000","$30,601,000",--,"$411,976,000",,"$33,256,000","$5,247,000","$65,646,000","$104,149,000","$41,990,000","$56,269,000","$3,345,000",--,--,"$205,753,000",,"$93,718,000","$118,848,000",--,--,"-$6,343,000","$206,223,000","$411,976,000"
113,9,msft,Microsoft Corporation Common Stock (MSFT),6/30/2022,,"$13,931,000","$90,826,000","$44,261,000","$3,742,000","$16,924,000","$169,684,000",,"$6,891,000","$87,546,000","$67,524,000","$11,298,000","$21,897,000",--,"$364,840,000",,"$33,728,000","$2,749,000","$58,605,000","$95,082,000","$47,032,000","$53,084,000","$3,100,000",--,--,"$198,298,000",,"$86,939,000","$84,281,000",--,--,"-$4,678,000","$166,542,000","$364,840,000"
114,10,msft,Microsoft Corporation Common Stock (MSFT),6/30/2021,,"$14,224,000","$116,110,000","$38,043,000","$2,636,000","$13,393,000","$184,406,000",,"$5,984,000","$70,803,000","$49,711,000","$7,800,000","$15,075,000",--,"$333,779,000",,"$27,394,000","$8,072,000","$53,191,000","$88,657,000","$50,074,000","$50,246,000","$2,814,000",--,--,"$191,791,000",,"$83,111,000","$57,055,000",--,--,"$1,822,000","$141,988,000","$333,779,000"
115,11,msft,Microsoft Corporation Common Stock (MSFT),6/30/2020,,"$13,576,000","$122,951,000","$32,011,000","$1,895,000","$11,482,000","$181,915,000",,"$2,965,000","$52,904,000","$43,351,000","$7,038,000","$13,138,000",--,"$301,311,000",,"$22,534,000","$3,749,000","$46,027,000","$72,310,000","$59,578,000","$47,735,000","$3,384,000",--,--,"$183,007,000",,"$80,552,000","$34,566,000",--,--,"$3,186,000","$118,304,000","$301,311,000"
116,12,goog,Alphabet Inc. Class C Capital Stock (GOOG),12/31/2022,,"$21,879,000","$91,883,000","$40,258,000","$2,670,000","$8,105,000","$164,795,000",,"$30,492,000","$127,049,000","$28,960,000","$2,084,000","$6,623,000","$5,261,000","$365,264,000",,"$65,392,000",--,"$3,908,000","$69,300,000","$14,701,000","$24,006,000","$1,113,000",--,--,"$109,120,000",,"$68,184,000","$195,563,000",--,--,"-$7,603,000","$256,144,000","$365,264,000"
117,13,goog,Alphabet Inc. Class C Capital Stock (GOOG),12/31/2021,,"$20,945,000","$118,704,000","$39,304,000","$1,170,000","$8,020,000","$188,143,000",,"$29,549,000","$110,558,000","$22,956,000","$1,417,000","$5,361,000","$1,284,000","$359,268,000",,"$60,966,000",--,"$3,288,000","$64,254,000","$14,817,000","$22,770,000","$5,792,000",--,--,"$107,633,000",,"$61,774,000","$191,484,000",--,--,"-$1,623,000","$251,635,000","$359,268,000"
118,14,goog,Alphabet Inc. Class C Capital Stock (GOOG),12/31/2020,,"$26,465,000","$110,229,000","$31,384,000","$728,000","$5,490,000","$174,296,000",,"$20,703,000","$96,960,000","$21,175,000","$1,445,000","$3,953,000","$1,084,000","$319,616,000",,"$54,291,000",--,"$2,543,000","$56,834,000","$13,932,000","$22,264,000","$4,042,000",--,--,"$97,072,000",,"$58,510,000","$163,401,000",--,--,"$633,000","$222,544,000","$319,616,000"
119,15,goog,Alphabet Inc. Class C Capital Stock (GOOG),12/31/2019,,"$18,498,000","$101,177,000","$27,492,000","$999,000","$4,412,000","$152,578,000",,"$13,078,000","$84,587,000","$20,624,000","$1,979,000","$2,342,000","$721,000","$275,909,000",,"$43,313,000",--,"$1,908,000","$45,221,000","$4,554,000","$22,633,000","$2,059,000",--,--,"$74,467,000",,"$50,552,000","$152,122,000",--,--,"-$1,232,000","$201,442,000","$275,909,000"
120,16,csco,"Cisco Systems, Inc. Common Stock (DE) (CSCO)",7/29/2023,,"$10,123,000","$16,023,000","$9,206,000","$3,644,000","$4,352,000","$43,348,000",,"$3,483,000","$2,085,000","$38,535,000","$1,818,000","$6,007,000","$6,576,000","$101,852,000",,"$10,532,000","$1,733,000","$19,044,000","$31,309,000","$6,658,000","$7,890,000","$11,642,000",--,--,"$57,499,000",,"$44,289,000","$1,639,000",--,--,"-$1,575,000","$44,353,000","$101,852,000"
121,17,csco,"Cisco Systems, Inc. Common Stock (DE) (CSCO)",7/30/2022,,"$7,079,000","$12,188,000","$10,527,000","$2,568,000","$4,355,000","$36,717,000",,"$4,009,000","$1,997,000","$38,304,000","$2,569,000","$5,957,000","$4,449,000","$94,002,000",,"$6,558,000","$1,099,000","$17,983,000","$25,640,000","$8,416,000","$9,693,000","$10,480,000",--,--,"$54,229,000",,"$42,714,000","-$1,319,000",--,--,"-$1,622,000","$39,773,000","$94,002,000"
122,18,csco,"Cisco Systems, Inc. Common Stock (DE) (CSCO)",7/31/2021,,"$9,175,000","$15,343,000","$10,146,000","$1,559,000","$2,889,000","$39,112,000",,"$4,884,000","$2,338,000","$38,168,000","$3,619,000","$5,016,000","$4,360,000","$97,497,000",,"$6,981,000","$2,508,000","$16,768,000","$26,257,000","$9,018,000","$10,931,000","$10,016,000",--,--,"$56,222,000",,"$42,346,000","-$654,000",--,--,"-$417,000","$41,275,000","$97,497,000"
123,19,csco,"Cisco Systems, Inc. Common Stock (DE) (CSCO)",7/25/2020,,"$11,809,000","$17,610,000","$10,523,000","$1,282,000","$2,349,000","$43,573,000",,"$5,714,000","$2,453,000","$33,806,000","$1,576,000","$3,741,000","$3,990,000","$94,853,000",,"$6,179,000","$3,005,000","$16,147,000","$25,331,000","$11,578,000","$10,984,000","$9,040,000",--,--,"$56,933,000",,"$41,202,000","-$2,763,000",--,--,"-$519,000","$37,920,000","$94,853,000"
124,20,cmcsa,Comcast Corporation Class A Common Stock (CMCSA),12/31/2022,,"$4,749,000",--,"$12,672,000",--,"$4,406,000","$21,826,000",,"$7,740,000","$55,485,000","$58,494,000","$88,673,000","$25,057,000",--,"$257,275,000",,"$23,764,000","$1,743,000","$2,380,000","$27,887,000","$98,240,000","$20,395,000","$28,714,000","$684,000","$411,000","$175,920,000",,"$51,000","$51,609,000","-$7,517,000","$39,412,000","-$2,611,000","$80,943,000","$257,275,000"
125,21,cmcsa,Comcast Corporation Class A Common Stock (CMCSA),12/31/2021,,"$8,711,000",--,"$12,008,000",--,"$4,088,000","$24,807,000",,"$8,687,000","$54,047,000","$70,189,000","$92,945,000","$25,230,000",--,"$275,905,000",,"$24,176,000","$2,132,000","$3,040,000","$29,348,000","$97,888,000","$20,620,000","$30,041,000","$1,398,000","$519,000","$179,295,000",,"$54,000","$61,902,000","-$7,517,000","$40,173,000","$1,480,000","$96,092,000","$275,905,000"
126,22,cmcsa,Comcast Corporation Class A Common Stock (CMCSA),12/31/2020,,"$11,740,000",--,"$11,466,000",--,"$3,535,000","$26,741,000",,"$8,267,000","$51,995,000","$70,669,000","$94,754,000","$21,443,000",--,"$273,869,000",,"$22,687,000","$3,146,000","$2,963,000","$28,796,000","$105,782,000","$18,222,000","$28,051,000","$1,415,000","$1,280,000","$182,266,000",,"$54,000","$56,438,000","-$7,517,000","$39,464,000","$1,884,000","$90,323,000","$273,869,000"
127,23,cmcsa,Comcast Corporation Class A Common Stock (CMCSA),12/31/2019,,"$5,500,000",--,"$11,292,000",--,"$8,600,000","$25,392,000",,"$7,683,000","$48,322,000","$68,725,000","$95,493,000","$17,799,000",--,"$263,414,000",,"$23,072,000","$4,452,000","$2,768,000","$30,292,000","$102,931,000","$16,765,000","$28,180,000","$1,148,000","$1,372,000","$179,316,000",,"$54,000","$50,695,000","-$7,517,000","$38,447,000","$1,047,000","$82,726,000","$263,414,000"
128,24,tbc,AT&T Inc. 5.625% Global Notes due 2067 (TBC),12/31/2022,,"$3,701,000",--,"$11,466,000","$3,123,000","$14,818,000","$33,108,000",,"$3,533,000","$149,259,000","$67,895,000","$129,446,000","$19,612,000",--,"$402,853,000",,"$48,706,000","$7,467,000",--,"$56,173,000","$128,423,000","$54,768,000","$57,032,000","$8,957,000",--,"$305,353,000",,"$7,621,000","-$19,415,000","-$17,082,000","$123,610,000","$2,766,000","$97,500,000","$402,853,000"
129,25,tbc,AT&T Inc. 5.625% Global Notes due 2067 (TBC),12/31/2021,,"$19,223,000",--,"$12,313,000","$3,325,000","$135,907,000","$170,768,000",,"$6,168,000","$143,473,000","$92,740,000","$119,221,000","$19,252,000",--,"$551,622,000",,"$48,055,000","$24,620,000","$33,555,000","$106,230,000","$151,011,000","$56,759,000","$53,767,000","$17,523,000",--,"$385,290,000",,"$7,621,000","$42,350,000","-$17,280,000","$130,112,000","$3,529,000","$166,332,000","$551,622,000"
130,26,tbc,AT&T Inc. 5.625% Global Notes due 2067 (TBC),12/31/2020,,"$9,740,000",--,"$20,215,000","$3,695,000","$18,358,000","$52,008,000",,"$1,780,000","$166,781,000","$135,259,000","$132,523,000","$37,410,000",--,"$525,761,000",,"$59,968,000","$3,470,000",--,"$63,438,000","$153,775,000","$68,836,000","$60,472,000","$17,567,000",--,"$364,088,000",,"$7,621,000","$37,457,000","-$17,910,000","$130,175,000","$4,330,000","$161,673,000","$525,761,000"
131,27,tbc,AT&T Inc. 5.625% Global Notes due 2067 (TBC),12/31/2019,,"$12,130,000",--,"$22,636,000",--,"$19,995,000","$54,761,000",,"$3,695,000","$166,601,000","$146,241,000","$142,272,000","$38,099,000",--,"$551,669,000",,"$57,073,000","$11,838,000",--,"$68,911,000","$151,309,000","$70,013,000","$59,502,000","$17,713,000",--,"$367,448,000",,"$7,621,000","$57,936,000","-$13,085,000","$126,279,000","$5,470,000","$184,221,000","$551,669,000"
132,28,ngg,"National Grid Transco, PLC National Grid PLC (NEW) American Depositary Shares (NGG)",3/31/2023,,"$580,000","$3,221,000","$4,854,000","$1,083,000","$1,784,000","$11,333,000",,"$3,011,000","$79,669,000","$12,175,000","$4,457,000","$3,972,000",--,"$114,616,000",,"$6,558,000","$3,928,000","$803,000","$11,289,000","$50,820,000","$7,076,000","$8,879,000","$30,000",--,"$78,094,000",,"$603,000","$39,082,000",--,"$1,610,000","-$4,773,000","$36,523,000","$114,616,000"
133,29,ngg,"National Grid Transco, PLC National Grid PLC (NEW) American Depositary Shares (NGG)",3/31/2022,,"$1,010,000","$4,141,000","$5,031,000","$673,000","$13,167,000","$23,651,000",,"$3,125,000","$75,750,000","$12,550,000","$4,308,000","$5,514,000",--,"$124,898,000",,"$6,513,000","$16,149,000","$9,951,000","$32,614,000","$45,047,000","$6,920,000","$8,907,000","$30,000",--,"$93,518,000",,"$639,000","$35,038,000",--,"$1,712,000","-$6,008,000","$31,380,000","$124,898,000"
134,30,ngg,"National Grid Transco, PLC National Grid PLC (NEW) American Depositary Shares (NGG)",3/31/2021,,"$1,479,000","$3,231,000","$4,120,000","$606,000","$4,908,000","$13,712,000",,"$2,986,000","$64,906,000","$6,330,000","$1,991,000","$2,815,000",--,"$92,739,000",,"$4,955,000","$5,356,000","$2,613,000","$12,925,000","$38,959,000","$6,810,000","$6,643,000","$29,000",--,"$65,367,000",,"$654,000","$31,958,000",--,"$1,788,000","-$7,028,000","$27,372,000","$92,739,000"
135,31,ngg,"National Grid Transco, PLC National Grid PLC (NEW) American Depositary Shares (NGG)",3/31/2020,,"$321,000","$2,477,000","$3,829,000","$681,000",--,"$7,193,000",,"$3,456,000","$61,703,000","$7,083,000","$1,605,000","$2,732,000",--,"$83,771,000",,"$4,573,000","$5,520,000","$526,000","$10,619,000","$34,317,000","$8,780,000","$5,513,000","$27,000",--,"$59,256,000",,"$583,000","$27,149,000",--,"$1,613,000","-$4,830,000","$24,515,000","$83,771,000"
136,32,so,Southern Company (The) Common Stock (SO),12/31/2022,,"$1,917,000",--,"$3,716,000","$2,239,000","$2,544,000","$10,416,000",,"$3,588,000","$95,172,000","$5,161,000","$406,000","$15,503,000","$4,645,000","$134,891,000",,"$6,090,000","$6,894,000","$2,740,000","$15,724,000","$50,656,000","$15,408,000","$18,571,000","$4,124,000",--,"$104,483,000",,"$5,417,000","$11,538,000","-$53,000","$13,673,000","-$167,000","$30,408,000","$134,891,000"
137,33,so,Southern Company (The) Common Stock (SO),12/31/2021,,"$1,798,000",--,"$2,962,000","$1,993,000","$2,212,000","$8,965,000",,"$3,824,000","$91,761,000","$5,280,000","$445,000","$14,401,000","$2,858,000","$127,534,000",,"$4,463,000","$3,597,000","$2,861,000","$10,921,000","$50,120,000","$16,631,000","$17,295,000","$4,402,000",--,"$99,369,000",,"$5,279,000","$10,929,000","-$47,000","$11,950,000","-$237,000","$27,874,000","$127,534,000"
138,34,so,Southern Company (The) Common Stock (SO),12/31/2020,,"$1,065,000",--,"$3,335,000","$2,028,000","$2,189,000","$8,617,000",,"$3,665,000","$88,588,000","$5,280,000","$487,000","$13,934,000","$2,364,000","$122,935,000",,"$4,679,000","$4,116,000","$3,284,000","$12,079,000","$45,073,000","$16,385,000","$16,873,000","$4,262,000",--,"$94,672,000",,"$5,268,000","$11,311,000","-$46,000","$11,834,000","-$395,000","$27,972,000","$122,935,000"
139,35,so,Southern Company (The) Common Stock (SO),12/31/2019,,"$1,975,000",--,"$3,409,000","$1,909,000","$2,524,000","$9,817,000",,"$3,339,000","$84,860,000","$5,280,000","$536,000","$12,699,000","$2,169,000","$118,700,000",,"$4,240,000","$5,044,000","$3,262,000","$12,546,000","$41,798,000","$15,440,000","$16,866,000","$4,254,000",--,"$90,904,000",,"$5,257,000","$10,877,000","-$42,000","$11,734,000","-$321,000","$27,505,000","$118,700,000"
140,36,duk,Duke Energy Corporation (Holding Company) Common Stock (DUK),12/31/2022,,"$409,000",--,"$4,415,000","$3,584,000","$4,814,000","$13,222,000",,"$9,092,000","$117,382,000","$19,303,000",--,"$19,087,000",--,"$178,086,000",,"$6,102,000","$8,106,000","$4,665,000","$18,873,000","$67,061,000","$29,486,000","$10,813,000","$2,531,000",--,"$128,764,000",,"$1,000","$2,637,000",--,"$44,862,000","-$140,000","$49,322,000","$178,086,000"
141,37,duk,Duke Energy Corporation (Holding Company) Common Stock (DUK),12/31/2021,,"$341,000",--,"$3,522,000","$3,111,000","$2,966,000","$9,940,000",,"$10,858,000","$112,231,000","$19,303,000",--,"$17,255,000",--,"$169,587,000",,"$4,792,000","$6,691,000","$4,448,000","$15,931,000","$60,448,000","$31,860,000","$10,212,000","$1,840,000",--,"$120,291,000",,"$1,000","$3,265,000",--,"$44,371,000","-$303,000","$49,296,000","$169,587,000"
142,38,duk,Duke Energy Corporation (Holding Company) Common Stock (DUK),12/31/2020,,"$259,000",--,"$3,153,000","$3,167,000","$2,103,000","$8,682,000",,"$10,075,000","$106,782,000","$19,303,000",--,"$17,546,000",--,"$162,388,000",,"$4,163,000","$7,111,000","$5,031,000","$16,305,000","$55,625,000","$31,343,000","$9,931,000","$1,220,000",--,"$114,424,000",,"$1,000","$2,471,000",--,"$43,767,000","-$237,000","$47,964,000","$162,388,000"
143,39,duk,Duke Energy Corporation (Holding Company) Common Stock (DUK),12/31/2019,,"$311,000",--,"$3,060,000","$3,232,000","$2,560,000","$9,163,000",,"$10,076,000","$102,127,000","$19,303,000",--,"$18,169,000",--,"$158,838,000",,"$4,444,000","$6,276,000","$4,032,000","$14,752,000","$54,985,000","$31,648,000","$9,502,000","$1,129,000",--,"$112,016,000",,"$1,000","$4,108,000",--,"$40,881,000","-$130,000","$46,822,000","$158,838,000"
