Symbol,Name,Date,Cash and Cash Equivalents,Short-Term Investments,Net Receivables,Inventory,Other Current Assets,Total Current Assets,Long-Term Investments,Fixed Assets,Goodwill,Intangible Assets,Other Assets,Deferred Asset Charges,Total Assets,Accounts Payable,Short-Term Debt / Current Portion of Long-Term Debt,Other Current Liabilities,Total Current Liabilities,Long-Term Debt,Other Liabilities,Deferred Liability Charges,Misc. Stocks,Minority Interest,Total Liabilities,Common Stocks,Capital Surplus,Retained Earnings,Treasury Stock,Other Equity,Total Equity,Total Liabilities & Equity
BHP,BHP Group Limited American Depositary Shares (Each representing two Ordinary Shares) (BHP),30/06/2023,12428000,0,5102000,5220000,601000,23351000,1768000,73221000,0,1610000,1290000,56000,101296000,6907000,0,12136000,19043000,72000,29302000,4349000,4034000,0,56800000,4737000,39787000,-41000,0,13000,44496000,101296000
BHP,BHP Group Limited American Depositary Shares (Each representing two Ordinary Shares) (BHP),30/06/2022,17236000,0,5689000,4935000,804000,28664000,1573000,62610000,0,1369000,894000,56000,95166000,9719000,0,7200000,16919000,87000,26281000,3113000,3809000,0,50209000,4638000,40338000,-31000,0,12000,44957000,95166000
BHP,BHP Group Limited American Depositary Shares (Each representing two Ordinary Shares) (BHP),30/06/2021,15246000,0,6338000,4426000,683000,26693000,2079000,75171000,0,1437000,1635000,1912000,108927000,9827000,0,6576000,16403000,120000,33300000,3499000,4341000,0,57663000,2168000,46779000,-33000,0,2350000,51264000,108927000
BHP,BHP Group Limited American Depositary Shares (Each representing two Ordinary Shares) (BHP),30/06/2020,13426000,0,3730000,4101000,214000,21471000,2852000,73583000,0,1574000,2565000,3688000,105733000,6680000,0,8144000,14824000,110000,34635000,3989000,4310000,0,57868000,2168000,43396000,-5000,0,2306000,47865000,105733000
RIO,Rio Tinto Plc Common Stock (RIO),31/12/2022,6775000,0,3825000,6213000,2160000,18973000,5191000,64937000,826000,3645000,406000,2766000,96744000,8623000,923000,2057000,11603000,10788000,18478000,3601000,2099000,0,46569000,3537000,34511000,0,4322000,7805000,50175000,96744000
RIO,Rio Tinto Plc Common Stock (RIO),31/12/2021,12807000,0,3646000,5436000,2543000,24432000,5727000,65123000,879000,2832000,528000,3375000,102896000,11246000,1381000,0,12627000,14246000,15930000,3503000,5158000,0,51464000,3777000,33337000,0,4320000,9998000,51432000,102896000
RIO,Rio Tinto Plc Common Stock (RIO),31/12/2020,10381000,0,3706000,3917000,2851000,20855000,5564000,63056000,946000,2755000,829000,3385000,97390000,11000000,607000,0,11607000,14705000,15936000,3239000,4849000,0,50336000,3988000,26792000,0,4314000,11960000,47054000,97390000
RIO,Rio Tinto Plc Common Stock (RIO),31/12/2019,8027000,0,3143000,3463000,2670000,17303000,5692000,57511000,922000,2637000,635000,3102000,87802000,9753000,1372000,0,11125000,14511000,13704000,3220000,4710000,0,47270000,3655000,23387000,0,4313000,9177000,40532000,87802000
VALE,VALE S.A. American Depositary Shares Each Representing one common share (VALE),31/12/2022,4736000,61000,5591000,4482000,656000,15526000,1798000,44938000,0,10238000,3624000,10770000,86894000,8225000,489000,5177000,13891000,14948000,19284000,1413000,1491000,0,51027000,0,0,0,0,0,35867000,86894000
VALE,VALE S.A. American Depositary Shares Each Representing one common share (VALE),31/12/2021,11721000,184000,4776000,4377000,326000,21384000,1751000,42907000,0,9011000,2948000,11441000,89442000,7437000,1204000,6557000,15198000,15997000,21060000,1881000,834000,0,54970000,0,0,0,0,0,34472000,89442000
VALE,VALE S.A. American Depositary Shares Each Representing one common share (VALE),31/12/2020,13487000,771000,5502000,4061000,582000,24403000,2031000,41148000,0,9296000,4794000,10335000,92007000,6415000,1136000,7043000,14594000,17304000,23518000,1770000,-923000,0,56263000,0,0,0,0,0,35744000,92007000
VALE,VALE S.A. American Depositary Shares Each Representing one common share (VALE),31/12/2019,7350000,826000,3451000,4274000,1141000,17042000,2798000,46576000,0,8499000,7581000,9217000,91713000,6695000,1439000,5711000,13845000,15992000,21001000,1882000,-1074000,0,51646000,0,0,0,0,0,40067000,91713000
AMZN,"Amazon.com, Inc. Common Stock (AMZN)",31/12/2022,53888000,16138000,42360000,34405000,0,146791000,0,252838000,20288000,0,42758000,0,462675000,142166000,0,13227000,155393000,67150000,94089000,0,0,0,316632000,108000,83193000,-7837000,75066000,-4487000,146043000,462675000
AMZN,"Amazon.com, Inc. Common Stock (AMZN)",31/12/2021,36220000,59829000,32891000,32640000,0,161580000,0,216363000,15371000,0,27235000,0,420549000,130439000,0,11827000,142266000,48744000,91294000,0,0,0,282304000,106000,85915000,-1837000,55437000,-1376000,138245000,420549000
AMZN,"Amazon.com, Inc. Common Stock (AMZN)",31/12/2020,42122000,42274000,24542000,23795000,0,132733000,0,150667000,15017000,0,22778000,0,321195000,116677000,0,9708000,126385000,31816000,69590000,0,0,0,227791000,5000,52551000,-1837000,42865000,-180000,93404000,321195000
AMZN,"Amazon.com, Inc. Common Stock (AMZN)",31/12/2019,36092000,18929000,20816000,20497000,0,96334000,0,97846000,14754000,0,16314000,0,225248000,79622000,0,8190000,87812000,23414000,51962000,0,0,0,163188000,5000,31220000,-1837000,33658000,-986000,62060000,225248000
TSLA,"Tesla, Inc. Common Stock (TSLA)",31/12/2022,16253000,5932000,2952000,12839000,2941000,40917000,0,31146000,194000,215000,9866000,0,82338000,22397000,1502000,2810000,26709000,1597000,5330000,2804000,785000,409000,37225000,3000,12885000,0,32177000,-361000,44704000,82338000
TSLA,"Tesla, Inc. Common Stock (TSLA)",31/12/2021,17576000,131000,1913000,5757000,1723000,27100000,0,25411000,200000,257000,9163000,0,62131000,15744000,1589000,2372000,19705000,5245000,3546000,2052000,826000,568000,31374000,3000,329000,0,29803000,54000,30189000,62131000
TSLA,"Tesla, Inc. Common Stock (TSLA)",31/12/2020,19384000,0,1886000,4101000,1346000,26717000,0,17396000,207000,313000,7515000,0,52148000,9906000,2132000,2210000,14248000,9556000,3330000,1284000,850000,655000,29268000,1000,-5399000,0,27260000,363000,22225000,52148000
TSLA,"Tesla, Inc. Common Stock (TSLA)",31/12/2019,6268000,0,1324000,3552000,959000,12103000,0,14061000,198000,339000,7608000,0,34309000,6993000,1785000,1889000,10667000,11634000,2691000,1207000,849000,643000,27048000,1000,-6083000,0,12736000,-36000,6618000,34309000
V,Visa Inc. (V),30/09/2022,17138000,2833000,3952000,0,6282000,30205000,2136000,3223000,17787000,25065000,7085000,0,85501000,7767000,5531000,7555000,20853000,20200000,3535000,5332000,0,0,49920000,19545000,16116000,0,0,-2404000,35581000,85501000
V,Visa Inc. (V),30/09/2021,17381000,2025000,3726000,0,4475000,27607000,1705000,2715000,15958000,27664000,7247000,0,82896000,6071000,3442000,6226000,15739000,19978000,3462000,6128000,0,0,45307000,18855000,15351000,0,0,303000,37589000,82896000
V,Visa Inc. (V),30/09/2020,17190000,3752000,2882000,0,3821000,27645000,231000,2737000,15910000,27808000,6588000,0,80919000,4685000,4735000,5090000,14510000,21071000,3891000,5237000,0,0,44709000,0,14088000,0,16721000,315000,36210000,80919000
V,Visa Inc. (V),30/09/2019,9043000,4236000,4590000,0,3101000,20970000,2157000,2695000,15656000,26780000,4316000,0,72574000,4225000,3990000,5200000,13415000,16729000,2939000,4807000,0,0,37890000,0,13502000,0,16541000,-821000,34684000,72574000
KO,Coca-Cola Company (The) Common Stock (KO),31/12/2022,9519000,2112000,3487000,4233000,3240000,22591000,18765000,9841000,18782000,14849000,6189000,1746000,92763000,16952000,2772000,0,19724000,36377000,7922000,2914000,1721000,0,68658000,1760000,71019000,-52601000,18822000,-14895000,24105000,92763000
KO,Coca-Cola Company (The) Common Stock (KO),31/12/2021,9684000,2941000,3512000,3414000,2994000,22545000,18416000,9920000,19363000,15250000,6731000,2129000,94354000,15305000,4645000,0,19950000,38116000,8607000,2821000,1861000,0,71355000,1760000,69094000,-51641000,18116000,-14330000,22999000,94354000
KO,Coca-Cola Company (The) Common Stock (KO),31/12/2020,6795000,4119000,3144000,3266000,1916000,19240000,20085000,10777000,17506000,11044000,6184000,2460000,87296000,11933000,2668000,0,14601000,40125000,9453000,1833000,1985000,0,67997000,1760000,66555000,-52016000,17601000,-14601000,19299000,87296000
KO,Coca-Cola Company (The) Common Stock (KO),31/12/2019,6480000,4695000,3971000,3379000,1886000,20411000,19879000,10838000,16764000,10002000,6075000,2412000,86381000,11726000,15247000,0,26973000,27516000,8510000,2284000,2117000,0,67400000,1760000,65855000,-52244000,17154000,-13544000,18981000,86381000
PEP,"PepsiCo, Inc. Common Stock (PEP)",31/12/2022,4954000,394000,10163000,5222000,806000,21539000,3073000,24291000,18202000,15586000,5292000,4204000,92187000,23371000,3414000,0,26785000,35657000,8339000,4133000,124000,0,75038000,23000,67800000,-39506000,4134000,-15302000,17149000,92187000
PEP,"PepsiCo, Inc. Common Stock (PEP)",25/12/2021,5596000,392000,8680000,4347000,2768000,21783000,2350000,22407000,18381000,18665000,4481000,4310000,92377000,21159000,4308000,753000,26220000,36026000,9154000,4826000,108000,0,76334000,23000,65165000,-38248000,4001000,-14898000,16043000,92377000
PEP,"PepsiCo, Inc. Common Stock (PEP)",26/12/2020,8185000,1366000,8404000,4172000,874000,23001000,2792000,21369000,18757000,19315000,3312000,4372000,92918000,19592000,3780000,0,23372000,40370000,11340000,4284000,98000,0,79464000,23000,63443000,-38446000,3910000,-15476000,13454000,92918000
PEP,"PepsiCo, Inc. Common Stock (PEP)",28/12/2019,5509000,229000,7822000,3338000,747000,17645000,2683000,19305000,15501000,16043000,3011000,4359000,78547000,17541000,2920000,0,20461000,29148000,9979000,4091000,82000,0,63761000,23000,61946000,-36769000,3886000,-14300000,14786000,78547000
SONY,Sony Group Corporation American Depositary Shares (SONY),31/03/2023,11127000,2467000,13359000,11030000,5419000,43402000,141040000,10105000,9581000,4236000,24001000,8384000,240749000,38936000,15800000,15209000,69945000,13282000,100083000,2677000,440000,0,186426000,6615000,34673000,-1679000,10999000,3715000,54322000,240749000
SONY,Sony Group Corporation American Depositary Shares (SONY),31/03/2022,16886000,2972000,13417000,7201000,5128000,45604000,154180000,9172000,7851000,3708000,22582000,8034000,251131000,39841000,17697000,14636000,72174000,9917000,104003000,5738000,435000,0,192268000,7253000,30985000,-1483000,12038000,10071000,58863000,251131000
SONY,Sony Group Corporation American Depositary Shares (SONY),31/03/2021,16172000,3728000,12357000,5762000,4651000,42670000,158567000,8964000,6571000,3539000,21030000,7599000,248940000,39486000,12735000,14329000,66550000,9535000,104612000,7390000,398000,0,188484000,7966000,26376000,-1124000,13481000,13758000,60456000,248940000
SONY,Sony Group Corporation American Depositary Shares (SONY),01/04/2020,14120000,3054000,11150000,5226000,5391000,38941000,154568000,8563000,6450000,3525000,17322000,3718000,233087000,34947000,8617000,13846000,57410000,8767000,101228000,9720000,10456000,0,187580000,8217000,18202000,-2171000,12114000,9144000,45507000,233087000
XOM,Exxon Mobil Corporation Common Stock (XOM),31/12/2022,29665000,0,41749000,24435000,1782000,97631000,49793000,204692000,0,0,16951000,0,369067000,68411000,634000,0,69045000,42897000,31778000,22874000,7424000,0,174018000,15752000,432860000,-240293000,0,-13270000,195049000,369067000
XOM,Exxon Mobil Corporation Common Stock (XOM),31/12/2021,6802000,0,32383000,18780000,1189000,59154000,45195000,216552000,0,0,18022000,0,338923000,52367000,4276000,0,56643000,46285000,40147000,20165000,7106000,0,170346000,15746000,392059000,-225464000,0,-13764000,168577000,338923000
XOM,Exxon Mobil Corporation Common Stock (XOM),31/12/2020,4364000,0,20581000,18850000,1098000,44893000,43515000,227553000,0,0,16789000,0,332750000,35905000,20458000,0,56363000,50435000,43657000,18165000,6980000,0,175600000,15688000,383943000,-225776000,0,-16705000,157150000,332750000
XOM,Exxon Mobil Corporation Common Stock (XOM),31/12/2019,3089000,0,26966000,18528000,1469000,50052000,43164000,253018000,0,0,16363000,0,362597000,43411000,20578000,0,63989000,30330000,43720000,25620000,7288000,0,170947000,15637000,421341000,-225835000,0,-19493000,191650000,362597000
SHEL,Shell PLC American Depositary Shares (each representing two (2) Ordinary Shares) (SHEL),31/12/2022,40246000,0,66510000,31894000,27288000,165938000,34728000,198642000,16039000,9662000,10200000,7815000,443024000,84226000,32780000,4305000,121311000,78226000,31141000,19749000,2125000,0,252552000,584000,169482000,-726000,0,21132000,190472000,443024000
SHEL,Shell PLC American Depositary Shares (each representing two (2) Ordinary Shares) (SHEL),31/12/2021,36970000,0,53208000,25258000,13329000,128765000,35092000,194932000,14920000,9773000,8471000,12426000,404379000,66427000,24529000,4591000,95547000,82943000,37129000,13434000,3360000,0,232413000,641000,153026000,-610000,0,18909000,171966000,404379000
SHEL,Shell PLC American Depositary Shares (each representing two (2) Ordinary Shares) (SHEL),31/12/2020,31830000,0,33625000,19457000,7042000,91954000,36119000,209700000,0,22710000,2474000,16311000,379268000,47683000,22207000,3818000,73708000,93419000,42721000,10883000,3227000,0,223958000,651000,142616000,-709000,0,12752000,155310000,379268000
SHEL,Shell PLC American Depositary Shares (each representing two (2) Ordinary Shares) (SHEL),31/12/2019,18055000,0,43414000,24071000,7149000,92689000,34571000,238349000,0,23486000,4717000,10524000,404336000,56320000,20493000,2811000,79624000,83702000,34816000,15731000,3987000,0,217860000,657000,172431000,-1063000,0,14451000,186476000,404336000
CVX,Chevron Corporation Common Stock (CVX),31/12/2022,17678000,223000,20456000,8247000,3739000,50343000,46307000,144027000,4722000,0,0,12310000,257709000,32244000,1964000,0,34208000,21375000,4357000,37527000,960000,0,98427000,1832000,190024000,-48196000,18660000,-3038000,159282000,257709000
CVX,Chevron Corporation Common Stock (CVX),31/12/2021,5640000,35000,18419000,6795000,2849000,33738000,41299000,147729000,4385000,0,0,12384000,239535000,26535000,256000,0,26791000,31113000,6248000,35443000,873000,0,100468000,1832000,165546000,-41464000,17282000,-4129000,139067000,239535000
CVX,Chevron Corporation Common Stock (CVX),31/12/2020,5596000,31000,11471000,5676000,3304000,26078000,39641000,157719000,4402000,0,0,11950000,239790000,20635000,1548000,0,22183000,42767000,9217000,32897000,1038000,0,108102000,1832000,160377000,-41498000,16829000,-5852000,131688000,239790000
CVX,Chevron Corporation Common Stock (CVX),31/12/2019,5686000,63000,13325000,5848000,3407000,28329000,40199000,153905000,4463000,0,0,10532000,237428000,23248000,3282000,0,26530000,23691000,7866000,34133000,995000,0,93215000,1832000,174945000,-44599000,17265000,-5230000,144213000,237428000
HSBC,"HSBC Holdings, plc. Common Stock (HSBC)",31/12/2022,947518000,0,8527000,0,0,956045000,1881911000,0,0,21321000,317848000,7498000,2966530000,142239000,127747000,1637025000,1907011000,358117000,402513000,2422000,8544000,0,2779046000,10147000,152068000,0,14664000,10605000,187484000,2966530000
HSBC,"HSBC Holdings, plc. Common Stock (HSBC)",31/12/2021,1019222000,0,5106000,0,0,1024328000,1967421000,0,0,20622000,189786000,4624000,2957939000,120685000,126670000,1811726000,2059081000,275968000,312396000,4673000,8527000,0,2759689000,10316000,144458000,0,14602000,28874000,198250000,2957939000
HSBC,"HSBC Holdings, plc. Common Stock (HSBC)",31/12/2020,889135000,0,5048000,0,0,894183000,2095080000,0,0,20443000,201965000,4483000,2984164000,133657000,111901000,1724860000,1970418000,378267000,308728000,4313000,8552000,0,2787721000,10347000,140572000,0,14277000,31247000,196443000,2984164000
HSBC,"HSBC Holdings, plc. Common Stock (HSBC)",31/12/2019,756815000,0,5711000,0,0,762526000,2001795000,0,0,20163000,180307000,4632000,2715152000,125123000,140344000,1498137000,1763604000,322667000,303683000,3375000,8713000,0,2531197000,10319000,136679000,0,13959000,22998000,183955000,2715152000
JPM,JP Morgan Chase & Co. Common Stock (JPM),31/12/2022,882826000,0,125189000,0,0,1008015000,2386251000,27734000,0,60859000,182884000,0,3665743000,300141000,246640000,2340179000,2886960000,473841000,0,0,12610000,0,3373411000,4105000,296456000,-107336000,89044000,-17341000,292332000,3665743000
JPM,JP Morgan Chase & Co. Common Stock (JPM),31/12/2021,1002532000,0,102570000,0,0,1105102000,2373206000,27070000,0,56691000,181498000,0,3743567000,262755000,247934000,2462303000,2972992000,465698000,0,0,10750000,0,3449440000,4105000,272268000,-105415000,88415000,-84000,294127000,3743567000
JPM,JP Morgan Chase & Co. Common Stock (JPM),31/12/2020,823893000,0,90503000,0,0,914396000,2238285000,27109000,0,53428000,151539000,0,3384757000,231285000,260417000,2144257000,2635959000,451866000,0,0,17578000,0,3105403000,4105000,236990000,-88184000,88394000,7986000,279354000,3384757000
JPM,JP Morgan Chase & Co. Common Stock (JPM),31/12/2019,512788000,0,72861000,0,0,585649000,1892181000,25813000,0,53341000,130395000,0,2687379000,210407000,224595000,1562431000,1997433000,410775000,0,0,17841000,0,2426049000,4105000,223211000,-83049000,88522000,1548000,261330000,2687379000
BAC,Bank of America Corporation Common Stock (BAC),31/12/2022,1656704000,7259000,67543000,0,0,1731506000,2247505000,11510000,69022000,0,150759000,0,3051375000,224073000,222567000,1930341000,2376981000,125215000,0,0,0,0,2778178000,58953000,207003000,0,0,-21156000,273197000,3051375000
BAC,Bank of America Corporation Common Stock (BAC),31/12/2021,1828648000,7144000,72263000,0,0,1908055000,2247423000,10833000,69022000,0,163869000,0,3169495000,200419000,216082000,2064446000,2480947000,138365000,0,0,0,0,2899429000,62398000,188064000,0,0,-5104000,270066000,3169495000
BAC,Bank of America Corporation Common Stock (BAC),31/12/2020,1568225000,6546000,64221000,0,0,1638992000,1849185000,11000000,68951000,0,135203000,0,2819627000,181799000,189644000,1795480000,2166923000,116846000,0,0,0,0,2546703000,85982000,164088000,0,0,-1656000,272924000,2819627000
BAC,Bank of America Corporation Common Stock (BAC),31/12/2019,1138180000,7107000,55937000,0,0,1201224000,1725676000,10561000,68951000,0,129690000,0,2434079000,182798000,189313000,1434803000,1806914000,121499000,0,0,0,0,2169269000,91723000,156319000,0,0,-6633000,264810000,2434079000
LLY,Eli Lilly and Company Common Stock (LLY),31/12/2022,2067000,144800,8558900,4309700,2954100,18034500,2901800,10144000,4073000,7206600,4337000,2792900,49489800,4482700,1501100,11154400,17138200,14737500,6751400,87300,125600,0,38714400,594100,10042600,-50500,6921400,-6857800,10649800,49489800
LLY,Eli Lilly and Company Common Stock (LLY),31/12/2021,3818500,90100,8127200,3886000,2530600,18452400,3212600,8985100,3892000,7691900,4082700,2489300,48806000,3641100,1538300,9873300,15052700,15346400,7518400,1733700,175600,0,39651200,596300,8958500,-52700,6833400,-7356300,8979200,48806000
LLY,Eli Lilly and Company Common Stock (LLY),31/12/2020,3657100,24200,6929000,3980300,2871500,17462100,2966800,8681900,3766500,7450000,3475400,2830400,46633100,3869600,8700,8603300,12481600,16586600,9639800,2099900,183600,0,40807900,598200,7830200,-55700,6778500,-9509600,5641600,46633100
LLY,Eli Lilly and Company Common Stock (LLY),31/12/2019,2337500,101000,5541500,3190700,2538900,13709600,1962400,7872900,3679400,6618000,2871200,2572600,39286100,3152900,1499300,7123000,11775200,13817900,8806400,2187500,92200,0,36587000,598800,4920400,-60800,6685300,-9536800,2606900,39286100
UNH,UnitedHealth Group Incorporated Common Stock (DE) (UNH),31/12/2022,23365000,4546000,30450000,0,0,58361000,43728000,10128000,93352000,14401000,25735000,0,245705000,56771000,3110000,0,59881000,57623000,39120000,5844000,3678000,4897000,163036000,9000,86156000,0,0,-8393000,77772000,245705000
UNH,UnitedHealth Group Incorporated Common Stock (DE) (UNH),31/12/2021,21375000,2532000,28082000,0,0,51989000,43114000,8969000,75795000,10044000,22295000,0,212206000,49126000,3620000,0,52746000,46003000,34762000,5836000,3285000,1434000,139012000,10000,77134000,0,0,-5384000,71760000,212206000
UNH,UnitedHealth Group Incorporated Common Stock (DE) (UNH),31/12/2020,16921000,2860000,25404000,0,0,45185000,41242000,8626000,71337000,10856000,20043000,0,197289000,44367000,4819000,0,49186000,43467000,32707000,6209000,2837000,2211000,129587000,10000,69295000,0,0,-3814000,65491000,197289000
UNH,UnitedHealth Group Incorporated Common Stock (DE) (UNH),31/12/2019,10985000,3260000,21462000,0,0,35707000,37209000,8704000,65659000,10349000,16261000,0,173889000,40695000,3870000,0,44565000,40678000,24739000,5615000,2820000,1726000,114547000,9000,61178000,0,7000,-3578000,57616000,173889000
NVO,Novo Nordisk A/S Common Stock (NVO),31/12/2022,2598000,1567000,8253000,3500000,0,15918000,77000,9568000,0,7379000,146000,1927000,34624000,3255000,627000,13475000,17357000,3490000,782000,1013000,0,0,22643000,65000,11566000,-1000,0,351000,11982000,34624000
NVO,Novo Nordisk A/S Common Stock (NVO),31/12/2021,2155000,1034000,7156000,3000000,0,13345000,121000,8465000,0,6601000,140000,1326000,29740000,1915000,2426000,10874000,15215000,1982000,920000,806000,0,0,18923000,71000,11009000,-1000,0,-262000,10817000,29740000
NVO,Novo Nordisk A/S Common Stock (NVO),31/12/2020,2863000,0,5290000,3047000,0,11200000,207000,8263000,0,3396000,175000,964000,23822000,1583000,1450000,8518000,11551000,476000,974000,411000,0,0,13413000,77000,10483000,-1000,0,-150000,10409000,23822000
NVO,Novo Nordisk A/S Common Stock (NVO),31/12/2017,3784000,0,3798000,2479000,0,10061000,126000,5685000,0,536000,158000,313000,16508000,1589000,323000,5677000,7589000,0,748000,136000,0,0,8474000,81000,7899000,-2000,0,56000,8034000,16508000
TMO,Thermo Fisher Scientific Inc Common Stock (TMO),31/12/2022,8524000,0,8115000,5634000,2956000,25229000,0,9280000,41196000,17442000,4007000,0,97154000,8830000,5579000,2601000,17010000,28909000,4238000,2849000,54000,116000,53060000,0,41910000,-12017000,16743000,-3099000,43978000,97154000
TMO,Thermo Fisher Scientific Inc Common Stock (TMO),31/12/2021,4477000,0,7977000,5051000,2608000,20113000,0,8333000,41924000,20113000,4640000,0,95123000,8244000,2537000,2655000,13436000,32333000,4540000,3837000,62000,122000,54208000,0,35431000,-8922000,16174000,-2329000,40793000,95123000
TMO,Thermo Fisher Scientific Inc Common Stock (TMO),31/12/2020,10325000,0,5741000,4029000,1862000,21957000,0,5912000,26041000,12685000,2457000,0,69052000,6405000,2628000,1271000,10304000,19107000,3330000,1794000,10000,0,34545000,0,28116000,-6818000,15579000,-2807000,34507000,69052000
TMO,Thermo Fisher Scientific Inc Common Stock (TMO),31/12/2019,2399000,0,4349000,3370000,1775000,11893000,0,4749000,25714000,14014000,2011000,0,58381000,4605000,676000,916000,6197000,17076000,3241000,2192000,0,0,28706000,434000,22092000,-5236000,15064000,-2679000,29675000,58381000
DHR,Danaher Corporation Common Stock (DHR),31/12/2022,5995000,0,4918000,3110000,1860000,15883000,0,3956000,39752000,20300000,4459000,0,84350000,7798000,591000,0,8389000,19086000,6785000,0,8000,0,34268000,9000,39205000,0,12072000,-2872000,50082000,84350000
DHR,Danaher Corporation Common Stock (DHR),31/12/2021,2586000,0,4631000,2767000,1664000,11648000,0,3790000,41184000,22843000,3719000,0,83184000,8132000,8000,0,8140000,22168000,7699000,0,10000,0,38017000,9000,32827000,0,10090000,-1027000,45167000,83184000
DHR,Danaher Corporation Common Stock (DHR),31/12/2020,6035000,0,4045000,2292000,1430000,13802000,0,3262000,35420000,21282000,2395000,0,76161000,7391000,11000,0,7402000,21193000,7789000,0,11000,0,36395000,9000,27159000,0,9698000,-368000,39766000,76161000
DHR,Danaher Corporation Common Stock (DHR),31/12/2019,19912000,0,3191000,1628000,865000,25596000,0,2302000,22713000,9750000,1721000,0,62082000,4720000,212000,0,4932000,21517000,5351000,0,11000,0,31811000,8000,24166000,0,7565000,-3068000,30271000,62082000
LIN,Linde plc Ordinary Shares (LIN),31/12/2022,5436000,0,4559000,1978000,1074000,13047000,2350000,23548000,25817000,12420000,2476000,0,79658000,3608000,5716000,7155000,16479000,12198000,2795000,6799000,1346000,13000,39617000,1000,20541000,-14737000,40005000,-5782000,40028000,79658000
LIN,Linde plc Ordinary Shares (LIN),31/12/2021,2823000,0,4499000,1733000,1104000,10159000,2619000,26003000,27038000,13802000,1984000,0,81605000,3932000,2872000,6839000,13643000,11335000,4188000,6998000,1393000,13000,37557000,1000,18710000,-9808000,40180000,-5048000,44035000,81605000
LIN,Linde plc Ordinary Shares (LIN),31/12/2020,3754000,0,4167000,1729000,1274000,10924000,2061000,28711000,28201000,16184000,2148000,0,88229000,3637000,4002000,6101000,13740000,12152000,5519000,7236000,2252000,13000,40899000,1000,17178000,-5374000,40202000,-4690000,47317000,88229000
LIN,Linde plc Ordinary Shares (LIN),31/12/2019,2700000,0,4322000,1697000,1633000,10352000,2027000,29064000,27019000,16137000,2013000,0,86612000,3636000,3263000,5261000,12160000,10693000,4888000,7236000,2448000,113000,37425000,1000,16842000,-3156000,40201000,-4814000,49074000,86612000
FERG,Ferguson plc Ordinary Shares (FERG),31/07/2022,771000,0,3610000,4333000,837000,9551000,0,2576000,2048000,782000,527000,177000,15661000,3607000,250000,1942000,5799000,3679000,1518000,0,0,0,10996000,30000,7594000,-2782000,760000,-937000,4665000,15661000
FERG,Ferguson plc Ordinary Shares (FERG),31/07/2021,1335000,0,2786000,3273000,735000,8129000,0,2407000,1828000,546000,559000,240000,13709000,3030000,0,1708000,4738000,2512000,1456000,0,0,0,8706000,30000,6054000,-931000,704000,-854000,5003000,13709000
FERG,Ferguson plc Ordinary Shares (FERG),31/07/2020,2137000,0,3042000,2880000,29000,8088000,405000,1389000,1721000,521000,1127000,216000,13456000,3884000,531000,334000,4749000,2973000,1337000,26000,0,0,9085000,30000,0,0,9000,4332000,4371000,13456000
DLB,Dolby Laboratories Common Stock (DLB),30/09/2022,628371,189213,243593,23549,226168,1310894,102514,560011,365147,112265,55149,183568,2689548,245673,0,31845,277518,0,161010,0,4837,0,443365,94,2297730,0,0,-51641,2246183,2689548
DLB,Dolby Laboratories Common Stock (DLB),24/09/2021,1233032,38839,232609,10965,245053,1760498,62819,601509,340694,122890,61257,156020,3105687,281841,0,33876,315717,0,185738,0,6253,0,507708,100,2607909,0,0,-10030,2597979,3105687
DLB,Dolby Laboratories Common Stock (DLB),25/09/2020,1079979,46948,180340,25550,214379,1547196,52149,618478,336945,152431,91245,118881,2917325,235851,0,31258,267109,0,211811,0,5762,0,484682,99,2443138,0,0,-10594,2432643,2917325
DLB,Dolby Laboratories Common Stock (DLB),27/09/2019,805593,119146,189115,32331,235355,1381540,179587,537432,334829,180891,93395,114075,2821749,286862,0,19991,306853,0,201866,0,5679,0,514398,99,2327877,0,0,-20625,2307351,2821749
CAE,CAE Inc. Ordinary Shares (CAE),31/03/2023,178600,0,490600,431100,560100,1660400,436700,2079200,0,2993200,458600,92400,7711600,781600,189600,689000,1660200,2247800,249500,163400,60000,0,4380800,1657800,1518300,0,31100,123500,3330800,7711600
CAE,CAE Inc. Ordinary Shares (CAE),31/03/2022,321300,0,472400,416200,532400,1742300,371900,2003300,0,3039300,440100,94000,7668900,798900,214900,660500,1674300,2246000,314000,162800,61600,0,4458700,1781100,1423200,0,30900,-25000,3210200,7668900
CAE,CAE Inc. Ordinary Shares (CAE),31/03/2021,1345100,0,444300,515400,409000,2713800,346400,1812400,0,1635700,394500,83500,6960600,765300,183100,1146800,2095200,1701400,332800,275100,57500,0,4461800,1206300,1228200,0,17900,46200,2498700,6960600
CAE,CAE Inc. Ordinary Shares (CAE),31/03/2020,700200,0,419100,432900,438700,1990900,332800,1791400,0,1444800,358600,59400,5960300,675000,229100,544800,1448900,2191200,253500,255300,62200,0,4211100,477400,1117200,0,18900,135700,1749200,5960300
PLD,"Prologis, Inc. Common Stock (PLD)",31/12/2022,278483,0,0,0,0,278483,9698898,72587311,0,0,4801499,0,87897448,1711885,0,0,1711885,23875961,4446509,0,4625811,0,34660166,9231,-457695,0,54065407,-443609,53237282,87897448
PLD,"Prologis, Inc. Common Stock (PLD)",31/12/2021,556117,0,0,0,0,556117,8610958,45337003,0,0,3312454,0,58486220,1252767,0,0,1252767,17715054,1776189,0,4315337,0,25059347,7398,-1327828,0,35561608,-878253,33426873,58486220
PLD,"Prologis, Inc. Common Stock (PLD)",31/12/2020,598086,0,0,0,0,598086,7602014,43845172,0,0,2949009,0,56065005,1143372,0,0,1143372,16849076,1747977,0,4353033,0,24093458,7394,-2394690,0,35488634,-1193739,31971547,56065005
PLD,"Prologis, Inc. Common Stock (PLD)",31/12/2019,1088855,0,0,0,0,1088855,6237371,29786752,0,0,2198187,0,40031850,704954,0,0,704954,11905877,1349235,0,3418657,0,17378723,6318,-2151168,0,25719427,-990398,22653127,40031850
AMT,American Tower Corporation (REIT) Common Stock (AMT),31/12/2022,2140700,0,758300,0,723300,3622300,546700,28917200,12956700,17983300,0,3168300,67194500,2569100,4514200,1228600,8311900,34156000,10826100,1492000,6836100,0,61622100,4800,-2101900,-1301200,14689000,-5718300,5572400,67194500
AMT,American Tower Corporation (REIT) Common Stock (AMT),31/12/2021,2343300,0,728900,0,657200,3729400,400900,29009100,13350100,20727200,0,2671200,69887900,2582000,4568700,1916600,9067300,38685500,11234600,1830900,3988400,0,64806700,4700,-1142400,-1282400,12240200,-4738900,5081200,69887900
AMT,American Tower Corporation (REIT) Common Stock (AMT),31/12/2020,1861400,0,511600,0,532600,2905600,400100,20597900,7282700,13839800,0,2207400,47233500,1935200,789800,930500,3655500,28497700,9440300,859500,474900,212100,42927900,4600,-1343000,-1282400,10473700,-3759400,4093500,47233500
AMT,American Tower Corporation (REIT) Common Stock (AMT),31/12/2019,1578000,0,462200,0,513600,2553800,406400,19441800,6178300,12318400,0,1902900,42801600,1770700,2928200,788800,5487700,21127200,8831500,768300,435000,1096500,36649700,4500,-1016800,-1226400,10117700,-2823600,5055400,42801600
EQIX,"Equinix, Inc. Common Stock REIT (EQIX)",31/12/2022,1906421,0,855380,0,543454,3305255,0,18077484,5654217,1897649,1376137,0,30310742,1286147,161267,390884,1838298,14895937,2070675,0,-134,0,18804776,93,-4352732,-71966,17320017,-1389446,11505966,30310742
EQIX,"Equinix, Inc. Common Stock REIT (EQIX)",31/12/2021,1536358,0,681809,0,738934,2957101,0,16728193,5372071,1935267,926066,0,27918698,1066478,180928,358548,1605954,13560389,1870591,0,-318,0,17036616,91,-3904647,-112208,15984597,-1085751,10882082,27918698
EQIX,"Equinix, Inc. Common Stock REIT (EQIX)",31/12/2020,1604869,4532,676738,0,323016,2609155,0,15978141,5472553,2170945,776047,0,27006841,1146017,219972,658761,2024750,12090347,2257626,0,130,0,16372853,89,-3358972,-122118,15028357,-913368,10633988,27006841
EQIX,"Equinix, Inc. Common Stock REIT (EQIX)",31/12/2019,1869577,10362,689134,0,303543,2872616,0,13627964,4781858,2102389,580788,0,23965615,1062253,152842,942768,2157863,11029989,1937381,0,-224,0,15125009,86,-2777044,-144256,12696433,-934613,8840606,23965615
AAPL,Apple Inc. Common Stock (AAPL),24/09/2022,23646000,24658000,60932000,4946000,21223000,135405000,120805000,42117000,0,0,54428000,0,352755000,64115000,21110000,68757000,153982000,98959000,49142000,0,0,0,302083000,64849000,-3068000,0,0,-11109000,50672000,352755000
AAPL,Apple Inc. Common Stock (AAPL),25/09/2021,34940000,27699000,51506000,6580000,14111000,134836000,127877000,39440000,0,0,48849000,0,351002000,54763000,15613000,55105000,125481000,109106000,53325000,0,0,0,287912000,57365000,5562000,0,0,163000,63090000,351002000
AAPL,Apple Inc. Common Stock (AAPL),26/09/2020,38016000,52927000,37445000,4061000,11264000,143713000,100887000,36766000,0,0,42522000,0,323888000,42296000,13769000,49327000,105392000,98667000,54490000,0,0,0,258549000,50779000,14966000,0,0,-406000,65339000,323888000
AAPL,Apple Inc. Common Stock (AAPL),28/09/2019,48844000,51713000,45804000,4106000,12352000,162819000,105341000,37378000,0,0,32978000,0,338516000,46236000,16240000,43242000,105718000,91807000,50503000,0,0,0,248028000,45174000,45898000,0,0,-584000,90488000,338516000
MSFT,Microsoft Corporation Common Stock (MSFT),30/06/2023,34704000,76558000,48688000,2500000,21807000,184257000,9879000,109987000,67886000,9366000,30601000,0,411976000,33256000,5247000,65646000,104149000,41990000,56269000,3345000,0,0,205753000,93718000,118848000,0,0,-6343000,206223000,411976000
MSFT,Microsoft Corporation Common Stock (MSFT),30/06/2022,13931000,90826000,44261000,3742000,16924000,169684000,6891000,87546000,67524000,11298000,21897000,0,364840000,33728000,2749000,58605000,95082000,47032000,53084000,3100000,0,0,198298000,86939000,84281000,0,0,-4678000,166542000,364840000
MSFT,Microsoft Corporation Common Stock (MSFT),30/06/2021,14224000,116110000,38043000,2636000,13393000,184406000,5984000,70803000,49711000,7800000,15075000,0,333779000,27394000,8072000,53191000,88657000,50074000,50246000,2814000,0,0,191791000,83111000,57055000,0,0,1822000,141988000,333779000
MSFT,Microsoft Corporation Common Stock (MSFT),30/06/2020,13576000,122951000,32011000,1895000,11482000,181915000,2965000,52904000,43351000,7038000,13138000,0,301311000,22534000,3749000,46027000,72310000,59578000,47735000,3384000,0,0,183007000,80552000,34566000,0,0,3186000,118304000,301311000
GOOG,Alphabet Inc. Class C Capital Stock (GOOG),31/12/2022,21879000,91883000,40258000,2670000,8105000,164795000,30492000,127049000,28960000,2084000,6623000,5261000,365264000,65392000,0,3908000,69300000,14701000,24006000,1113000,0,0,109120000,68184000,195563000,0,0,-7603000,256144000,365264000
GOOG,Alphabet Inc. Class C Capital Stock (GOOG),31/12/2021,20945000,118704000,39304000,1170000,8020000,188143000,29549000,110558000,22956000,1417000,5361000,1284000,359268000,60966000,0,3288000,64254000,14817000,22770000,5792000,0,0,107633000,61774000,191484000,0,0,-1623000,251635000,359268000
GOOG,Alphabet Inc. Class C Capital Stock (GOOG),31/12/2020,26465000,110229000,31384000,728000,5490000,174296000,20703000,96960000,21175000,1445000,3953000,1084000,319616000,54291000,0,2543000,56834000,13932000,22264000,4042000,0,0,97072000,58510000,163401000,0,0,633000,222544000,319616000
GOOG,Alphabet Inc. Class C Capital Stock (GOOG),31/12/2019,18498000,101177000,27492000,999000,4412000,152578000,13078000,84587000,20624000,1979000,2342000,721000,275909000,43313000,0,1908000,45221000,4554000,22633000,2059000,0,0,74467000,50552000,152122000,0,0,-1232000,201442000,275909000
CSCO,"Cisco Systems, Inc. Common Stock (DE) (CSCO)",29/07/2023,10123000,16023000,9206000,3644000,4352000,43348000,3483000,2085000,38535000,1818000,6007000,6576000,101852000,10532000,1733000,19044000,31309000,6658000,7890000,11642000,0,0,57499000,44289000,1639000,0,0,-1575000,44353000,101852000
CSCO,"Cisco Systems, Inc. Common Stock (DE) (CSCO)",30/07/2022,7079000,12188000,10527000,2568000,4355000,36717000,4009000,1997000,38304000,2569000,5957000,4449000,94002000,6558000,1099000,17983000,25640000,8416000,9693000,10480000,0,0,54229000,42714000,-1319000,0,0,-1622000,39773000,94002000
CSCO,"Cisco Systems, Inc. Common Stock (DE) (CSCO)",31/07/2021,9175000,15343000,10146000,1559000,2889000,39112000,4884000,2338000,38168000,3619000,5016000,4360000,97497000,6981000,2508000,16768000,26257000,9018000,10931000,10016000,0,0,56222000,42346000,-654000,0,0,-417000,41275000,97497000
CSCO,"Cisco Systems, Inc. Common Stock (DE) (CSCO)",25/07/2020,11809000,17610000,10523000,1282000,2349000,43573000,5714000,2453000,33806000,1576000,3741000,3990000,94853000,6179000,3005000,16147000,25331000,11578000,10984000,9040000,0,0,56933000,41202000,-2763000,0,0,-519000,37920000,94853000
CMCSA,Comcast Corporation Class A Common Stock (CMCSA),31/12/2022,4749000,0,12672000,0,4406000,21827000,7740000,55485000,58494000,88673000,25057000,0,257275000,23764000,1743000,2380000,27887000,98240000,20395000,28714000,684000,411000,175920000,51000,51609000,-7517000,39412000,-2611000,80943000,257275000
CMCSA,Comcast Corporation Class A Common Stock (CMCSA),31/12/2021,8711000,0,12008000,0,4088000,24807000,8687000,54047000,70189000,92945000,25230000,0,275905000,24176000,2132000,3040000,29348000,97888000,20620000,30041000,1398000,519000,179295000,54000,61902000,-7517000,40173000,1480000,96092000,275905000
CMCSA,Comcast Corporation Class A Common Stock (CMCSA),31/12/2020,11740000,0,11466000,0,3535000,26741000,8267000,51995000,70669000,94754000,21443000,0,273869000,22687000,3146000,2963000,28796000,105782000,18222000,28051000,1415000,1280000,182266000,54000,56438000,-7517000,39464000,1884000,90323000,273869000
CMCSA,Comcast Corporation Class A Common Stock (CMCSA),31/12/2019,5500000,0,11292000,0,8600000,25392000,7683000,48322000,68725000,95493000,17799000,0,263414000,23072000,4452000,2768000,30292000,102931000,16765000,28180000,1148000,1372000,179316000,54000,50695000,-7517000,38447000,1047000,82726000,263414000
TBC,AT&T Inc. 5.625% Global Notes due 2067 (TBC),31/12/2022,3701000,0,11466000,3123000,14818000,33108000,3533000,149259000,67895000,129446000,19612000,0,402853000,48706000,7467000,0,56173000,128423000,54768000,57032000,8957000,0,305353000,7621000,-19415000,-17082000,123610000,2766000,97500000,402853000
TBC,AT&T Inc. 5.625% Global Notes due 2067 (TBC),31/12/2021,19223000,0,12313000,3325000,135907000,170768000,6168000,143473000,92740000,119221000,19252000,0,551622000,48055000,24620000,33555000,106230000,151011000,56759000,53767000,17523000,0,385290000,7621000,42350000,-17280000,130112000,3529000,166332000,551622000
TBC,AT&T Inc. 5.625% Global Notes due 2067 (TBC),31/12/2020,9740000,0,20215000,3695000,18358000,52008000,1780000,166781000,135259000,132523000,37410000,0,525761000,59968000,3470000,0,63438000,153775000,68836000,60472000,17567000,0,364088000,7621000,37457000,-17910000,130175000,4330000,161673000,525761000
TBC,AT&T Inc. 5.625% Global Notes due 2067 (TBC),31/12/2019,12130000,0,22636000,0,19995000,54761000,3695000,166601000,146241000,142272000,38099000,0,551669000,57073000,11838000,0,68911000,151309000,70013000,59502000,17713000,0,367448000,7621000,57936000,-13085000,126279000,5470000,184221000,551669000
NGG,"National Grid Transco, PLC National Grid PLC (NEW) American Depositary Shares (NGG)",31/03/2023,580000,3221000,4854000,1083000,1784000,11522000,3011000,79669000,12175000,4457000,3972000,0,114616000,6558000,3928000,803000,11289000,50820000,7076000,8879000,30000,0,78094000,603000,39082000,0,1610000,-4773000,36523000,114616000
NGG,"National Grid Transco, PLC National Grid PLC (NEW) American Depositary Shares (NGG)",31/03/2022,1010000,4141000,5031000,673000,13167000,24022000,3125000,75750000,12550000,4308000,5514000,0,124898000,6513000,16149000,9951000,32613000,45047000,6920000,8907000,30000,0,93518000,639000,35038000,0,1712000,-6008000,31380000,124898000
NGG,"National Grid Transco, PLC National Grid PLC (NEW) American Depositary Shares (NGG)",31/03/2021,1479000,3231000,4120000,606000,4908000,14344000,2986000,64906000,6330000,1991000,2815000,0,92739000,4955000,5356000,2613000,12924000,38959000,6810000,6643000,29000,0,65367000,654000,31958000,0,1788000,-7028000,27372000,92739000
NGG,"National Grid Transco, PLC National Grid PLC (NEW) American Depositary Shares (NGG)",31/03/2020,321000,2477000,3829000,681000,0,7308000,3456000,61703000,7083000,1605000,2732000,0,83771000,4573000,5520000,526000,10619000,34317000,8780000,5513000,27000,0,59256000,583000,27149000,0,1613000,-4830000,24515000,83771000
SO,Southern Company (The) Common Stock (SO),31/12/2022,1917000,0,3716000,2239000,2544000,10416000,3588000,95172000,5161000,406000,15503000,4645000,134891000,6090000,6894000,2740000,15724000,50656000,15408000,18571000,4124000,0,104483000,5417000,11538000,-53000,13673000,-167000,30408000,134891000
SO,Southern Company (The) Common Stock (SO),31/12/2021,1798000,0,2962000,1993000,2212000,8965000,3824000,91761000,5280000,445000,14401000,2858000,127534000,4463000,3597000,2861000,10921000,50120000,16631000,17295000,4402000,0,99369000,5279000,10929000,-47000,11950000,-237000,27874000,127534000
SO,Southern Company (The) Common Stock (SO),31/12/2020,1065000,0,3335000,2028000,2189000,8617000,3665000,88588000,5280000,487000,13934000,2364000,122935000,4679000,4116000,3284000,12079000,45073000,16385000,16873000,4262000,0,94672000,5268000,11311000,-46000,11834000,-395000,27972000,122935000
SO,Southern Company (The) Common Stock (SO),31/12/2019,1975000,0,3409000,1909000,2524000,9817000,3339000,84860000,5280000,536000,12699000,2169000,118700000,4240000,5044000,3262000,12546000,41798000,15440000,16866000,4254000,0,90904000,5257000,10877000,-42000,11734000,-321000,27505000,118700000
DUK,Duke Energy Corporation (Holding Company) Common Stock (DUK),31/12/2022,409000,0,4415000,3584000,4814000,13222000,9092000,117382000,19303000,0,19087000,0,178086000,6102000,8106000,4665000,18873000,67061000,29486000,10813000,2531000,0,128764000,1000,2637000,0,44862000,-140000,49322000,178086000
DUK,Duke Energy Corporation (Holding Company) Common Stock (DUK),31/12/2021,341000,0,3522000,3111000,2966000,9940000,10858000,112231000,19303000,0,17255000,0,169587000,4792000,6691000,4448000,15931000,60448000,31860000,10212000,1840000,0,120291000,1000,3265000,0,44371000,-303000,49296000,169587000
DUK,Duke Energy Corporation (Holding Company) Common Stock (DUK),31/12/2020,259000,0,3153000,3167000,2103000,8682000,10075000,106782000,19303000,0,17546000,0,162388000,4163000,7111000,5031000,16305000,55625000,31343000,9931000,1220000,0,114424000,1000,2471000,0,43767000,-237000,47964000,162388000
DUK,Duke Energy Corporation (Holding Company) Common Stock (DUK),31/12/2019,311000,0,3060000,3232000,2560000,9163000,10076000,102127000,19303000,0,18169000,0,158838000,4444000,6276000,4032000,14752000,54985000,31648000,9502000,1129000,0,112016000,1000,4108000,0,40881000,-130000,46822000,158838000
