Symbol,Name,Date,Total Revenue,Cost of Revenue,Gross Profit,Research and Development,"Sales, General and Admin.",Non-Recurring Items,Other Operating Items,Operating Income,Add'l income/expense items,Earnings Before Interest and Tax,Interest Expense,Earnings Before Tax,Income Tax,Minority Interest,Equity Earnings/Loss Unconsolidated Subsidiary,Net Income-Cont. Operations,Net Income,Net Income Applicable to Common Shareholders
BHP,BHP Group Limited American Depositary Shares (Each representing two Ordinary Shares) (BHP),30/06/2023,53817000,0,53817000,0,31865000,0,0,21952000,529000,22481000,2060000,20421000,6691000,594000,-1403000,14324000,12921000,12921000
BHP,BHP Group Limited American Depositary Shares (Each representing two Ordinary Shares) (BHP),30/06/2022,65098000,0,65098000,0,31280000,0,0,33818000,81000,33899000,1050000,32849000,10430000,-19000,-2155000,22400000,30900000,30900000
BHP,BHP Group Limited American Depositary Shares (Each representing two Ordinary Shares) (BHP),30/06/2021,56921000,0,56921000,0,30731000,0,0,26190000,67000,26257000,1290000,24967000,10376000,-915000,-2147000,13676000,11304000,11304000
BHP,BHP Group Limited American Depositary Shares (Each representing two Ordinary Shares) (BHP),30/06/2020,38924000,0,38924000,0,24714000,0,0,14210000,334000,14544000,1192000,13352000,4216000,-508000,-780000,8628000,7956000,7956000
RIO,Rio Tinto Plc Common Stock (RIO),31/12/2022,55554000,34770000,20784000,0,0,746000,0,19933000,-1616000,18997000,335000,18662000,5586000,575000,0,13651000,13076000,13076000
RIO,Rio Tinto Plc Common Stock (RIO),31/12/2021,63495000,32690000,30805000,0,-7000,995000,0,29817000,217000,31076000,243000,30833000,8258000,1042000,0,23617000,22575000,22575000
RIO,Rio Tinto Plc Common Stock (RIO),31/12/2020,44611000,26254000,18357000,0,-1000,1529000,0,16829000,-1483000,15659000,268000,15391000,4991000,313000,0,10713000,10400000,10400000
RIO,Rio Tinto Plc Common Stock (RIO),31/12/2019,43165000,27307000,15858000,0,-10000,4111000,0,11466000,-385000,11673000,554000,11119000,4147000,301000,0,7273000,6972000,6972000
VALE,VALE S.A. American Depositary Shares Each Representing one common share (VALE),31/12/2022,43839000,24028000,19811000,660000,2237000,-294000,0,17208000,3447000,20960000,1179000,19781000,2971000,305000,-82000,16728000,18788000,18788000
VALE,VALE S.A. American Depositary Shares Each Representing one common share (VALE),31/12/2021,54502000,21729000,32773000,549000,3457000,1074000,0,27693000,4368000,30790000,1249000,29541000,4697000,-1271000,-108000,24736000,22445000,22445000
VALE,VALE S.A. American Depositary Shares Each Representing one common share (VALE),31/12/2020,39545000,17564000,21981000,415000,6548000,2195000,0,12823000,-3655000,8148000,1158000,6990000,735000,-1020000,3000,6258000,4881000,4881000
VALE,VALE S.A. American Depositary Shares Each Representing one common share (VALE),31/12/2019,36549000,19312000,17237000,413000,8395000,4536000,0,3893000,291000,3528000,3684000,-156000,-595000,-656000,-115000,324000,-1683000,-1683000
AMZN,"Amazon.com, Inc. Common Stock (AMZN)",31/12/2022,513983000,288831000,225152000,0,212904000,0,0,12248000,-15817000,-3569000,2367000,-5936000,-3217000,-3000,0,-2722000,-2722000,-2722000
AMZN,"Amazon.com, Inc. Common Stock (AMZN)",31/12/2021,469822000,272344000,197478000,0,172599000,0,0,24879000,15081000,39960000,1809000,38151000,4791000,4000,0,33364000,33364000,33364000
AMZN,"Amazon.com, Inc. Common Stock (AMZN)",31/12/2020,386064000,233307000,152757000,0,129858000,0,0,22899000,2926000,25825000,1647000,24178000,2863000,16000,0,21331000,21331000,21331000
AMZN,"Amazon.com, Inc. Common Stock (AMZN)",31/12/2019,280522000,165536000,114986000,0,100445000,0,0,14541000,1035000,15576000,1600000,13976000,2374000,-14000,0,11588000,11588000,11588000
TSLA,"Tesla, Inc. Common Stock (TSLA)",31/12/2022,81462000,60609000,20853000,3075000,3946000,176000,0,13656000,254000,13910000,191000,13719000,1132000,0,-31000,12556000,12556000,12556000
TSLA,"Tesla, Inc. Common Stock (TSLA)",31/12/2021,53823000,40217000,13606000,2593000,4517000,-27000,0,6523000,191000,6714000,371000,6343000,699000,0,-125000,5519000,5519000,5519000
TSLA,"Tesla, Inc. Common Stock (TSLA)",31/12/2020,31536000,24906000,6630000,1491000,3145000,0,0,1994000,-92000,1902000,748000,1154000,292000,0,-141000,721000,721000,721000
TSLA,"Tesla, Inc. Common Stock (TSLA)",31/12/2019,24578000,20509000,4069000,1343000,2646000,149000,0,-69000,89000,20000,685000,-665000,110000,0,-87000,-862000,-862000,-862000
V,Visa Inc. (V),30/09/2022,29310000,4990000,24320000,0,3778000,868000,861000,18813000,-139000,18674000,538000,18136000,3179000,0,0,14957000,14957000,14957000
V,Visa Inc. (V),30/09/2021,24105000,4240000,19865000,0,3254000,3000,804000,15804000,772000,16576000,513000,16063000,3752000,0,0,12311000,12311000,12311000
V,Visa Inc. (V),30/09/2020,21846000,3785000,18061000,0,3202000,11000,767000,14081000,225000,14306000,516000,13790000,2924000,0,0,10866000,10866000,10866000
V,Visa Inc. (V),30/09/2019,22977000,3444000,19533000,0,3476000,400000,656000,15001000,416000,15417000,533000,14884000,2804000,0,0,12080000,12080000,12080000
KO,Coca-Cola Company (The) Common Stock (KO),31/12/2022,43004000,18000000,25004000,0,14095000,0,0,10909000,187000,12568000,882000,11686000,2115000,1472000,-29000,11014000,9542000,9542000
KO,Coca-Cola Company (The) Common Stock (KO),31/12/2021,38655000,15357000,23298000,0,12990000,0,0,10308000,2276000,14022000,1597000,12425000,2621000,1438000,-33000,11209000,9771000,9771000
KO,Coca-Cola Company (The) Common Stock (KO),31/12/2020,33014000,13433000,19581000,0,10584000,0,0,8997000,1211000,11186000,1437000,9749000,1981000,978000,-21000,8725000,7747000,7747000
KO,Coca-Cola Company (The) Common Stock (KO),31/12/2019,37266000,14619000,22647000,0,12561000,0,0,10086000,597000,11732000,946000,10786000,1801000,1049000,-65000,9969000,8920000,8920000
PEP,"PepsiCo, Inc. Common Stock (PEP)",31/12/2022,86392000,40576000,45816000,0,31138000,3166000,0,11512000,132000,11644000,939000,10705000,1727000,0,-68000,8910000,8910000,8910000
PEP,"PepsiCo, Inc. Common Stock (PEP)",25/12/2021,79474000,37075000,42399000,0,31237000,0,0,11162000,522000,11684000,1863000,9821000,2142000,0,-61000,7618000,7618000,7618000
PEP,"PepsiCo, Inc. Common Stock (PEP)",26/12/2020,70372000,31797000,38575000,0,28453000,42000,0,10080000,117000,10197000,1128000,9069000,1894000,0,-55000,7120000,7120000,7120000
PEP,"PepsiCo, Inc. Common Stock (PEP)",28/12/2019,67161000,30132000,37029000,0,26738000,0,0,10291000,-44000,10247000,935000,9312000,1959000,0,-39000,7314000,7314000,7314000
SONY,Sony Group Corporation American Depositary Shares (SONY),31/03/2023,86707000,63107000,23600000,0,14706000,0,0,9078000,233000,9312000,443000,8869000,1778000,184000,0,7274000,7090000,7090000
SONY,Sony Group Corporation American Depositary Shares (SONY),31/03/2022,81743000,59484000,22259000,0,12547000,0,0,9906000,159000,10065000,858000,9207000,1888000,195000,0,7514000,7320000,7320000
SONY,Sony Group Corporation American Depositary Shares (SONY),31/03/2021,81436000,59435000,22001000,0,13461000,0,0,8645000,758000,9403000,372000,9031000,-416000,105000,0,9552000,9447000,9447000
SONY,Sony Group Corporation American Depositary Shares (SONY),01/04/2020,76512000,54884000,21628000,0,13886000,0,0,7832000,-323000,7508000,103000,7405000,1641000,89000,-371000,5482000,5393000,5393000
XOM,Exxon Mobil Corporation Common Stock (XOM),31/12/2022,398675000,271568000,127107000,0,38496000,1025000,24040000,63546000,3542000,78551000,798000,77753000,20176000,11463000,-1837000,67203000,55740000,55740000
XOM,Exxon Mobil Corporation Common Stock (XOM),31/12/2021,276692000,191199000,85493000,0,40599000,1054000,20607000,23233000,2291000,32181000,947000,31234000,7636000,6657000,-558000,29697000,23040000,23040000
XOM,Exxon Mobil Corporation Common Stock (XOM),31/12/2020,178574000,124438000,54136000,0,37495000,1285000,46009000,-30653000,1196000,-27725000,1158000,-28883000,-5632000,1732000,811000,-20708000,-22440000,-22440000
XOM,Exxon Mobil Corporation Common Stock (XOM),31/12/2019,255583000,180627000,74956000,0,43158000,1269000,18998000,11531000,3914000,20886000,830000,20056000,5282000,5441000,-434000,19781000,14340000,14340000
SHEL,Shell PLC American Depositary Shares (each representing two (2) Ordinary Shares) (SHEL),31/12/2022,381314000,284006000,97308000,1075000,12883000,1712000,18529000,63109000,915000,67996000,3181000,64815000,21941000,3972000,-565000,46281000,42309000,42309000
SHEL,Shell PLC American Depositary Shares (each representing two (2) Ordinary Shares) (SHEL),31/12/2021,261504000,198734000,62770000,815000,11328000,1423000,26921000,22283000,7056000,33436000,3607000,29829000,9199000,4097000,-529000,24198000,20101000,20101000
SHEL,Shell PLC American Depositary Shares (each representing two (2) Ordinary Shares) (SHEL),31/12/2020,180543000,141094000,39449000,907000,9881000,1747000,52444000,-25530000,869000,-22878000,4089000,-26967000,-5433000,1783000,-146000,-19897000,-21680000,-21680000
SHEL,Shell PLC American Depositary Shares (each representing two (2) Ordinary Shares) (SHEL),31/12/2019,344877000,279421000,65456000,962000,10493000,2354000,28701000,22946000,3625000,30175000,4690000,25485000,9053000,3604000,-590000,19446000,15842000,15842000
CVX,Chevron Corporation Common Stock (CVX),31/12/2022,235717000,170130000,65587000,0,8639000,974000,16319000,39655000,1950000,50190000,516000,49674000,14066000,8585000,-143000,44050000,35465000,35465000
CVX,Chevron Corporation Common Stock (CVX),31/12/2021,155606000,112975000,42631000,0,8665000,549000,17925000,15492000,1202000,22351000,712000,21639000,5950000,5657000,-64000,21282000,15625000,15625000
CVX,Chevron Corporation Common Stock (CVX),31/12/2020,94471000,72471000,22000000,0,7932000,1537000,19508000,-6977000,693000,-6756000,697000,-7453000,-1892000,-472000,18000,-6015000,-5543000,-5543000
CVX,Chevron Corporation Common Stock (CVX),31/12/2019,139865000,101498000,38367000,0,8696000,770000,29218000,-317000,2683000,6334000,798000,5536000,2691000,3968000,79000,6892000,2924000,2924000
HSBC,"HSBC Holdings, plc. Common Stock (HSBC)",31/12/2022,86423000,0,0,0,41704000,0,7465000,0,0,39977000,0,17528000,858000,2723000,0,19393000,16670000,16670000
HSBC,"HSBC Holdings, plc. Common Stock (HSBC)",31/12/2021,73639000,0,0,0,44722000,587000,2771000,0,0,28605000,0,18906000,4213000,3046000,0,17739000,14693000,14693000
HSBC,"HSBC Holdings, plc. Common Stock (HSBC)",31/12/2020,77252000,0,0,0,41836000,41000,14017000,0,0,22955000,0,8777000,2678000,1597000,0,7696000,6099000,6099000
HSBC,"HSBC Holdings, plc. Common Stock (HSBC)",31/12/2019,95257000,0,0,0,46756000,7349000,5926000,0,0,37580000,0,13347000,4639000,2354000,0,11062000,8708000,8708000
JPM,JP Morgan Chase & Co. Common Stock (JPM),31/12/2022,122306000,0,122306000,0,76140000,0,6389000,46166000,0,72263000,26097000,46166000,8490000,0,0,37676000,37676000,35892000
JPM,JP Morgan Chase & Co. Common Stock (JPM),31/12/2021,130905000,0,130905000,0,71343000,0,-9256000,59562000,0,65115000,5553000,59562000,11228000,0,0,48334000,48334000,46503000
JPM,JP Morgan Chase & Co. Common Stock (JPM),31/12/2020,102471000,0,102471000,0,66656000,0,17480000,35815000,0,45775000,9960000,35815000,6684000,0,0,29131000,29131000,27410000
JPM,JP Morgan Chase & Co. Common Stock (JPM),31/12/2019,110135000,0,110135000,0,65269000,0,5585000,44866000,0,71661000,26795000,44866000,8435000,0,0,36431000,36431000,34642000
BAC,Bank of America Corporation Common Stock (BAC),31/12/2022,115053000,0,0,0,61438000,0,2543000,0,0,51072000,0,30969000,3441000,0,0,27528000,27528000,26015000
BAC,Bank of America Corporation Common Stock (BAC),31/12/2021,93851000,0,0,0,59731000,0,-4594000,0,0,38714000,0,33976000,1998000,0,0,31978000,31978000,30557000
BAC,Bank of America Corporation Common Stock (BAC),31/12/2020,93753000,0,0,0,55213000,0,11320000,0,0,27220000,0,18995000,1101000,0,0,17894000,17894000,16473000
BAC,Bank of America Corporation Common Stock (BAC),31/12/2019,113589000,0,0,0,54900000,0,3590000,0,0,55099000,0,32754000,5324000,0,0,27430000,27430000,25998000
LLY,Eli Lilly and Company Common Stock (LLY),31/12/2022,28541400,6629800,21911600,7190800,6440400,1153100,0,7127300,-320900,6806400,0,6806400,561600,0,0,6244800,6244800,6244800
LLY,Eli Lilly and Company Common Stock (LLY),31/12/2021,28318400,7312800,21005600,6930700,6431600,1286200,0,6357100,-201600,6155500,0,6155500,573800,0,0,5581700,5581700,5581700
LLY,Eli Lilly and Company Common Stock (LLY),31/12/2020,24539800,5483300,19056500,5976300,6121200,901000,0,6058000,1171900,7229900,0,7229900,1036200,0,0,6193700,6193700,6193700
LLY,Eli Lilly and Company Common Stock (LLY),31/12/2019,22319500,4721200,17598300,5595000,6213800,815200,0,4974300,291600,5265900,0,5265900,628000,0,0,4637900,8318400,8318400
UNH,UnitedHealth Group Incorporated Common Stock (DE) (UNH),31/12/2022,324162000,210842000,113320000,0,0,0,84885000,28435000,0,28435000,2092000,26343000,5704000,0,-519000,20639000,20120000,20120000
UNH,UnitedHealth Group Incorporated Common Stock (DE) (UNH),31/12/2021,287597000,186911000,100686000,0,0,0,76716000,23970000,0,23970000,1660000,22310000,4578000,0,-447000,17732000,17285000,17285000
UNH,UnitedHealth Group Incorporated Common Stock (DE) (UNH),31/12/2020,257141000,159396000,97745000,0,0,0,75340000,22405000,0,22405000,1663000,20742000,4973000,0,-366000,15769000,15403000,15403000
UNH,UnitedHealth Group Incorporated Common Stock (DE) (UNH),31/12/2019,242155000,156440000,85715000,0,0,0,66030000,19685000,0,19685000,1704000,17981000,3742000,0,-400000,14239000,13839000,13839000
NVO,Novo Nordisk A/S Common Stock (NVO),31/12/2022,25396000,4083000,21313000,3451000,7126000,0,0,10736000,34000,10771000,859000,9912000,1943000,0,0,7969000,7969000,7969000
NVO,Novo Nordisk A/S Common Stock (NVO),31/12/2021,21528000,3617000,17911000,2717000,6227000,0,0,8967000,441000,9408000,375000,9033000,1731000,0,0,7302000,7302000,7302000
NVO,Novo Nordisk A/S Common Stock (NVO),31/12/2020,20867000,3441000,17426000,2542000,5987000,0,0,8897000,268000,9164000,431000,8733000,1807000,0,0,6927000,6927000,6927000
NVO,Novo Nordisk A/S Common Stock (NVO),31/12/2017,18014000,2844000,15171000,2260000,5013000,0,0,7897000,201000,8098000,247000,7851000,1702000,0,0,6150000,6150000,6150000
TMO,Thermo Fisher Scientific Inc Common Stock (TMO),31/12/2022,44915000,25944000,18971000,1471000,8993000,114000,0,8393000,168000,8561000,726000,7835000,703000,-172000,-10000,6950000,6950000,6950000
TMO,Thermo Fisher Scientific Inc Common Stock (TMO),31/12/2021,39211000,19573000,19638000,1406000,8007000,197000,0,10028000,-651000,9377000,536000,8841000,1109000,-4000,-3000,7725000,7725000,7725000
TMO,Thermo Fisher Scientific Inc Common Stock (TMO),31/12/2020,32218000,16214000,16004000,1181000,6930000,99000,0,7794000,-11000,7783000,553000,7230000,850000,-3000,-2000,6375000,6375000,6375000
TMO,Thermo Fisher Scientific Inc Common Stock (TMO),31/12/2019,25542000,14214000,11328000,1003000,6144000,-413000,0,4594000,154000,4748000,676000,4072000,374000,0,-2000,3696000,3696000,3696000
DHR,Danaher Corporation Common Stock (DHR),31/12/2022,31471000,12522000,18949000,1745000,8516000,0,0,8688000,-185000,8503000,211000,8292000,1083000,0,0,7209000,7209000,7103000
DHR,Danaher Corporation Common Stock (DHR),31/12/2021,29453000,11501000,17952000,1742000,8745000,0,0,7465000,371000,7836000,238000,7598000,1251000,0,0,6347000,6433000,6269000
DHR,Danaher Corporation Common Stock (DHR),31/12/2020,22284000,9809000,12475000,1348000,6896000,0,0,4231000,539000,4770000,275000,4495000,849000,0,0,3646000,3646000,3510000
DHR,Danaher Corporation Common Stock (DHR),31/12/2019,17911000,7927000,9984000,1126000,5589000,0,0,3269000,144000,3413000,108000,3305000,873000,0,0,2432000,3008000,2940000
LIN,Linde plc Ordinary Shares (LIN),31/12/2022,33364000,19450000,13914000,143000,4198000,0,4204000,5369000,237000,5606000,63000,5543000,1434000,172000,-134000,4147000,4147000,4147000
LIN,Linde plc Ordinary Shares (LIN),31/12/2021,30793000,17543000,13250000,143000,3488000,0,4635000,4984000,192000,5176000,77000,5099000,1262000,119000,-135000,3821000,3826000,3826000
LIN,Linde plc Ordinary Shares (LIN),31/12/2020,27243000,15383000,11860000,152000,3760000,0,4626000,3322000,177000,3499000,115000,3384000,847000,85000,-125000,2497000,2501000,2501000
LIN,Linde plc Ordinary Shares (LIN),31/12/2019,28228000,16644000,11584000,184000,3956000,0,4675000,2933000,196000,3129000,38000,3091000,769000,114000,-96000,2340000,2285000,2285000
FERG,Ferguson plc Ordinary Shares (FERG),31/07/2022,28566000,19810000,8756000,0,5635000,0,301000,2820000,-1000,2819000,111000,2708000,609000,0,0,2099000,2122000,2122000
FERG,Ferguson plc Ordinary Shares (FERG),31/07/2021,22792000,15812000,6980000,0,4732000,0,298000,1950000,10000,1960000,98000,1862000,232000,0,0,1630000,1472000,1472000
FERG,Ferguson plc Ordinary Shares (FERG),31/07/2020,19940000,13957000,5983000,0,4329000,0,282000,1372000,-7000,1365000,93000,1272000,299000,0,0,973000,961000,961000
DLB,Dolby Laboratories Common Stock (DLB),30/09/2022,1253793,141360,1112433,261174,634031,10623,0,206605,9068,215673,394,215279,31381,0,189,184087,184087,184087
DLB,Dolby Laboratories Common Stock (DLB),24/09/2021,1281256,130025,1151231,253640,556832,10240,0,344390,24472,354991,479,354512,36689,0,-7596,310227,310227,310227
DLB,Dolby Laboratories Common Stock (DLB),25/09/2020,1161792,146498,1015294,239045,555686,1821,0,218742,21159,239901,186,239715,8096,0,-256,231363,231363,231363
DLB,Dolby Laboratories Common Stock (DLB),27/09/2019,1241620,160854,1080766,237871,549260,36558,0,257077,25400,282477,170,282307,26802,0,-354,255151,255151,255151
CAE,CAE Inc. Ordinary Shares (CAE),31/03/2023,3105800,2244100,861800,105700,397700,47500,0,350200,0,350200,131300,218900,47600,39300,0,210700,171400,171400
CAE,CAE Inc. Ordinary Shares (CAE),31/03/2022,2699100,1934100,765000,96700,362000,117600,0,227500,0,227600,104600,123000,2900,38800,0,158900,120100,120100
CAE,CAE Inc. Ordinary Shares (CAE),31/03/2021,2372500,1763900,608700,83300,390400,98700,0,38500,0,38500,107900,-69400,-31600,2100,0,-35600,-37800,-37800
CAE,CAE Inc. Ordinary Shares (CAE),31/03/2020,2545500,1784200,761300,96600,295600,11100,0,377300,0,377400,101500,275900,51800,19300,0,243400,224000,224000
PLD,"Prologis, Inc. Common Stock (PLD)",31/12/2022,5973692,1205738,4767954,0,674775,0,1812777,2280402,1408573,3999847,309037,3690810,135412,310872,-190542,3655544,3364856,3358796
PLD,"Prologis, Inc. Common Stock (PLD)",31/12/2021,4759440,1041316,3718124,0,522773,0,1577942,1617409,1567412,3589076,266228,3322848,174258,404255,-208867,3156525,2939723,2933571
PLD,"Prologis, Inc. Common Stock (PLD)",31/12/2020,4438735,952063,3486672,0,522896,0,1561969,1401807,362418,2061595,314507,1747088,130458,297370,-134816,1590894,1481814,1473122
PLD,"Prologis, Inc. Common Stock (PLD)",31/12/2019,3330621,734266,2596355,0,464528,0,1139879,991948,824190,2016316,239953,1776363,74517,200178,-128887,1757011,1572959,1566950
AMT,American Tower Corporation (REIT) Common Stock (AMT),31/12/2022,10711100,3263800,7447300,0,1739900,0,3355100,2352300,504900,2857200,1136500,1720700,24000,0,69100,1765800,1765800,1765800
AMT,American Tower Corporation (REIT) Common Stock (AMT),31/12/2021,9356900,2682000,6674900,0,1210300,0,2332600,3132000,568300,3700300,870900,2829400,261800,0,100,2567700,2567700,2567700
AMT,American Tower Corporation (REIT) Common Stock (AMT),31/12/2020,8041500,2227200,5814300,0,1044500,0,1882300,2887500,-272900,2614600,793500,1821100,129600,0,-900,1690600,1690600,1690600
AMT,American Tower Corporation (REIT) Common Stock (AMT),31/12/2019,7580300,2216800,5363500,0,896700,0,1778400,2688400,42200,2730600,814200,1916400,-200,0,-28800,1887800,1887800,1887800
EQIX,"Equinix, Inc. Common Stock REIT (EQIX)",31/12/2022,7263105,3751501,3511604,0,2307100,0,0,1200528,-18798,1185706,356337,829369,124792,0,-232,704345,704345,704345
EQIX,"Equinix, Inc. Common Stock REIT (EQIX)",31/12/2021,6635537,3472422,3163115,0,2065798,0,0,1108162,-152283,945034,336082,608952,109224,0,463,500191,500191,500191
EQIX,"Equinix, Inc. Common Stock REIT (EQIX)",31/12/2020,5998545,3074340,2924205,0,1865272,7306,0,1052928,-128936,922691,406466,516225,146151,0,-297,369777,369777,369777
EQIX,"Equinix, Inc. Common Stock REIT (EQIX)",31/12/2019,5562140,2810184,2751956,0,1610845,15790,0,1169631,46960,1172281,479684,692597,185352,0,205,507450,507450,507450
AAPL,Apple Inc. Common Stock (AAPL),24/09/2022,394328000,223546000,170782000,26251000,25094000,0,0,119437000,-334000,119103000,0,119103000,19300000,0,0,99803000,99803000,99803000
AAPL,Apple Inc. Common Stock (AAPL),25/09/2021,365817000,212981000,152836000,21914000,21973000,0,0,108949000,258000,109207000,0,109207000,14527000,0,0,94680000,94680000,94680000
AAPL,Apple Inc. Common Stock (AAPL),26/09/2020,274515000,169559000,104956000,18752000,19916000,0,0,66288000,803000,67091000,0,67091000,9680000,0,0,57411000,57411000,57411000
AAPL,Apple Inc. Common Stock (AAPL),28/09/2019,260174000,161782000,98392000,16217000,18245000,0,0,63930000,1807000,65737000,0,65737000,10481000,0,0,55256000,55256000,55256000
MSFT,Microsoft Corporation Common Stock (MSFT),30/06/2023,211915000,65863000,146052000,27195000,30334000,0,0,88523000,788000,89311000,0,89311000,16950000,0,0,72361000,72361000,72361000
MSFT,Microsoft Corporation Common Stock (MSFT),30/06/2022,198270000,62650000,135620000,24512000,27725000,0,0,83383000,333000,83716000,0,83716000,10978000,0,0,72738000,72738000,72738000
MSFT,Microsoft Corporation Common Stock (MSFT),30/06/2021,168088000,52232000,115856000,20716000,25224000,0,0,69916000,1186000,71102000,0,71102000,9831000,0,0,61271000,61271000,61271000
MSFT,Microsoft Corporation Common Stock (MSFT),30/06/2020,143015000,46078000,96937000,19269000,24709000,0,0,52959000,77000,53036000,0,53036000,8755000,0,0,44281000,44281000,44281000
GOOG,Alphabet Inc. Class C Capital Stock (GOOG),31/12/2022,282836000,126203000,156633000,39500000,42291000,0,0,74842000,-3514000,71328000,0,71328000,11356000,0,0,59972000,59972000,59972000
GOOG,Alphabet Inc. Class C Capital Stock (GOOG),31/12/2021,257637000,110939000,146698000,31562000,36422000,0,0,78714000,12020000,90734000,0,90734000,14701000,0,0,76033000,76033000,76033000
GOOG,Alphabet Inc. Class C Capital Stock (GOOG),31/12/2020,182527000,84732000,97795000,27573000,28998000,0,0,41224000,6858000,48082000,0,48082000,7813000,0,0,40269000,40269000,40269000
GOOG,Alphabet Inc. Class C Capital Stock (GOOG),31/12/2019,161857000,71896000,89961000,26018000,29712000,0,0,34231000,5394000,39625000,0,39625000,5282000,0,0,34343000,34343000,34343000
CSCO,"Cisco Systems, Inc. Common Stock (DE) (CSCO)",29/07/2023,56998000,21245000,35753000,7551000,12358000,531000,282000,15031000,714000,15745000,427000,15318000,2705000,0,0,12613000,12613000,12613000
CSCO,"Cisco Systems, Inc. Common Stock (DE) (CSCO)",30/07/2022,51557000,19309000,32248000,6774000,11186000,6000,313000,13969000,868000,14837000,360000,14477000,2665000,0,0,11812000,11812000,11812000
CSCO,"Cisco Systems, Inc. Common Stock (DE) (CSCO)",31/07/2021,49818000,17924000,31894000,6549000,11411000,886000,215000,12833000,863000,13696000,434000,13262000,2671000,0,0,10591000,10591000,10591000
CSCO,"Cisco Systems, Inc. Common Stock (DE) (CSCO)",25/07/2020,49301000,17618000,31683000,6347000,11094000,481000,141000,13620000,935000,14555000,585000,13970000,2756000,0,0,11214000,11214000,11214000
CMCSA,Comcast Corporation Class A Common Stock (CMCSA),31/12/2022,121427000,38213000,83214000,0,46769000,8583000,13821000,14041000,-861000,13180000,3896000,9284000,4359000,0,445000,5370000,5370000,5370000
CMCSA,Comcast Corporation Class A Common Stock (CMCSA),31/12/2021,116385000,38450000,77935000,0,43314000,0,13804000,20817000,2557000,23374000,4281000,19093000,5259000,0,325000,14159000,14159000,14159000
CMCSA,Comcast Corporation Class A Common Stock (CMCSA),31/12/2020,103564000,33121000,70443000,0,39850000,0,13100000,17493000,1160000,18653000,4588000,14065000,3364000,0,-167000,10534000,10534000,10534000
CMCSA,Comcast Corporation Class A Common Stock (CMCSA),31/12/2019,108942000,34440000,74502000,0,40424000,0,12953000,21125000,438000,21563000,4567000,16996000,3673000,0,-266000,13057000,13057000,13057000
TBC,AT&T Inc. 5.625% Global Notes due 2067 (TBC),31/12/2022,120741000,50848000,69893000,0,28961000,27498000,18021000,-4587000,5810000,3014000,6108000,-3094000,3780000,1791000,-1469000,-6874000,-8524000,-8727000
TBC,AT&T Inc. 5.625% Global Notes due 2067 (TBC),31/12/2021,134038000,60407000,73631000,0,29669000,213000,17852000,25897000,9387000,35887000,6716000,29171000,5395000,603000,-1398000,23776000,20081000,19874000
TBC,AT&T Inc. 5.625% Global Notes due 2067 (TBC),31/12/2020,143050000,65651000,77399000,0,30817000,15687000,22523000,8372000,-1088000,7373000,7727000,-354000,1168000,89000,-1355000,-1522000,-5176000,-5369000
TBC,AT&T Inc. 5.625% Global Notes due 2067 (TBC),31/12/2019,181193000,84141000,97052000,0,39422000,1458000,28217000,27955000,-1071000,26890000,8422000,18468000,3493000,6000,-1072000,13909000,13903000,13900000
NGG,"National Grid Transco, PLC National Grid PLC (NEW) American Depositary Shares (NGG)",31/03/2023,26781000,0,26781000,0,20476000,272000,0,6033000,171000,6415000,1976000,4439000,1083000,211000,0,3356000,9641000,9641000
NGG,"National Grid Transco, PLC National Grid PLC (NEW) American Depositary Shares (NGG)",31/03/2022,24291000,0,24291000,0,18316000,220000,0,5755000,66000,5942000,1411000,4531000,1656000,121000,0,2874000,3099000,3099000
NGG,"National Grid Transco, PLC National Grid PLC (NEW) American Depositary Shares (NGG)",31/03/2021,18854000,0,18854000,0,15093000,448000,0,3313000,80000,3473000,1177000,2296000,497000,80000,0,1799000,2264000,2264000
NGG,"National Grid Transco, PLC National Grid PLC (NEW) American Depositary Shares (NGG)",31/03/2020,16566000,0,16566000,0,13450000,290000,0,2826000,67000,3001000,1265000,1736000,459000,108000,0,1277000,1569000,1569000
SO,Southern Company (The) Common Stock (SO),31/12/2022,29279000,18458000,10821000,0,1594000,251000,3663000,5370000,781000,6245000,2022000,4223000,795000,151000,107000,3686000,3686000,3524000
SO,Southern Company (The) Common Stock (SO),31/12/2021,23113000,13052000,10061000,0,2982000,2000,3565000,3698000,825000,4413000,1837000,2576000,267000,76000,99000,2484000,2484000,2393000
SO,Southern Company (The) Common Stock (SO),31/12/2020,20375000,10478000,9897000,0,1559000,0,3518000,4885000,344000,5317000,1821000,3496000,393000,153000,31000,3287000,3287000,3119000
SO,Southern Company (The) Common Stock (SO),31/12/2019,21419000,11816000,9603000,0,1230000,168000,3038000,7736000,2949000,8278000,1736000,6542000,1798000,162000,10000,4916000,4916000,4739000
DUK,Duke Energy Corporation (Holding Company) Common Stock (DUK),31/12/2022,28768000,15792000,12976000,0,1466000,434000,5086000,6012000,414000,6517000,2439000,4078000,300000,113000,95000,3778000,2550000,2444000
DUK,Duke Energy Corporation (Holding Company) Common Stock (DUK),31/12/2021,24621000,12663000,11958000,0,1355000,353000,4762000,5500000,648000,6198000,2207000,3991000,268000,62000,329000,3723000,3908000,3802000
DUK,Duke Energy Corporation (Holding Company) Common Stock (DUK),31/12/2020,23366000,12013000,11353000,0,1311000,978000,4504000,4571000,462000,3017000,2097000,920000,-169000,-2005000,295000,1089000,1377000,1270000
DUK,Duke Energy Corporation (Holding Company) Common Stock (DUK),31/12/2019,25079000,13519000,11560000,0,1307000,-8000,4548000,5709000,426000,6301000,2204000,4097000,519000,162000,177000,3578000,3748000,3707000
